estado,pi
"ADJ,ADJ",3.546469149992058e-05
"ADJ,ADP",0.0019920590439300077
"ADJ,ADV",0.0001976698433400142
"ADJ,AUX",9.687784461460711e-05
"ADJ,CCONJ",0.00034630064998407835
"ADJ,DET",0.0001236034796825364
"ADJ,INTJ",1.685994135680287e-05
"ADJ,NOUN",0.0017220623629642514
"ADJ,NUM",2.36360207884475e-05
"ADJ,PART",1.652385881162916e-05
"ADJ,PRON",6.37605924836952e-05
"ADJ,PROPN",0.0001063262625422142
"ADJ,PUNCT",0.003539433556374931
"ADJ,SCONJ",0.00027611947935567973
"ADJ,SYM",1.9333112745970386e-05
"ADJ,VERB",0.0001456040616912173
"ADJ,X",1.760005803930856e-05
"ADP,ADJ",0.0007857430003530505
"ADP,ADP",9.670715532775518e-05
"ADP,ADV",0.0063151737560876225
"ADP,AUX",0.0006110819429257725
"ADP,CCONJ",7.426120806037771e-05
"ADP,DET",0.1088266780178393
"ADP,INTJ",3.790521721200962e-05
"ADP,NOUN",0.029694048232744002
"ADP,NUM",0.010414632543637758
"ADP,PART",3.575858713496344e-05
"ADP,PRON",0.020911708275573048
"ADP,PROPN",0.00470025872867572
"ADP,PUNCT",0.00206939300603928
"ADP,SCONJ",0.001190103422761391
"ADP,SYM",0.00010408436594586514
"ADP,VERB",0.006161958757617093
"ADP,X",3.29864181451864e-05
"ADV,ADJ",0.0007854074418396443
"ADV,ADP",0.03748972645763993
"ADV,ADV",0.004866336583601496
"ADV,AUX",0.01095006736468754
"ADV,CCONJ",0.00048242507378231086
"ADV,DET",0.005880289633727671
"ADV,INTJ",3.500108406026173e-05
"ADV,NOUN",0.0001905257505068762
"ADV,NUM",0.0003947382973872142
"ADV,PART",3.45614397975381e-05
"ADV,PRON",0.004665121876014993
"ADV,PROPN",0.00017079219206499318
"ADV,PUNCT",0.021452462679472248
"ADV,SCONJ",0.0036012411658613687
"ADV,SYM",3.782841863508581e-05
"ADV,VERB",0.018404640086789707
"ADV,X",3.660452035751159e-05
"AUX,ADJ",0.010161747770938501
"AUX,ADP",0.007410944475924689
"AUX,ADV",0.006392658326236107
"AUX,AUX",0.0002195837181798169
"AUX,CCONJ",0.00011670340895107168
"AUX,DET",0.01636933861585711
"AUX,INTJ",4.145703718991279e-05
"AUX,NOUN",0.001549485914797881
"AUX,NUM",0.0016631911013188301
"AUX,PART",4.1926290694292413e-05
"AUX,PRON",0.0035593508566272663
"AUX,PROPN",5.072392910421772e-05
"AUX,PUNCT",0.0004313997012656037
"AUX,SCONJ",0.0015624263148942936
"AUX,SYM",0.00020617809553926774
"AUX,VERB",0.002844130700355022
"AUX,X",4.3965997132818e-05
"CCONJ,ADJ",0.000397372004512187
"CCONJ,ADP",0.005028739897450531
"CCONJ,ADV",0.006583028323252633
"CCONJ,AUX",0.0045906203391670375
"CCONJ,CCONJ",0.0001013004380687515
"CCONJ,DET",0.01633449144122132
"CCONJ,INTJ",3.510176681357017e-05
"CCONJ,NOUN",0.0005980521124958332
"CCONJ,NUM",0.0002996392474119584
"CCONJ,PART",3.452386700516495e-05
"CCONJ,PRON",0.006733256460584374
"CCONJ,PROPN",0.0010780766618937719
"CCONJ,PUNCT",0.013830560581333952
"CCONJ,SCONJ",0.0015166138421093412
"CCONJ,SYM",3.946139471286554e-05
"CCONJ,VERB",0.0059913485345303805
"CCONJ,X",4.073322140348082e-05
"DET,ADJ",0.013577754973192278
"DET,ADP",0.0005115960244376476
"DET,ADV",0.0005585729241524297
"DET,AUX",0.00020323960665762244
"DET,CCONJ",0.0001254019013487704
"DET,DET",0.005468627284929649
"DET,INTJ",6.395166799722876e-05
"DET,NOUN",0.24375842939256423
"DET,NUM",0.002578945230181919
"DET,PART",6.371827710315068e-05
"DET,PRON",0.0041981689008611075
"DET,PROPN",0.022730395583425836
"DET,PUNCT",0.0017933813373044935
"DET,SCONJ",0.00021720120922821546
"DET,SYM",6.70712589825539e-05
"DET,VERB",8.7814363770179e-05
"DET,X",0.0003430896452458881
"INTJ,ADJ",1.9236058829721304e-05
"INTJ,ADP",5.0584108630029744e-05
"INTJ,ADV",3.695233103616624e-05
"INTJ,AUX",3.8334499888253434e-05
"INTJ,CCONJ",8.210327529193367e-05
"INTJ,DET",3.6501667421266564e-05
"INTJ,INTJ",1.2378081698064477e-05
"INTJ,NOUN",1.5373837597929376e-05
"INTJ,NUM",1.7564531219142483e-05
"INTJ,PART",1.251979675620167e-05
"INTJ,PRON",5.1309153802002214e-05
"INTJ,PROPN",2.0494629396148014e-05
"INTJ,PUNCT",0.0007359691301161851
"INTJ,SCONJ",3.5027315872893565e-05
"INTJ,SYM",1.4778401843511028e-05
"INTJ,VERB",3.175850078515624e-05
"INTJ,X",1.3033366286504595e-05
"NOUN,ADJ",0.0025704558453146236
"NOUN,ADP",0.014963058786851715
"NOUN,ADV",0.0007878841776453119
"NOUN,AUX",0.0008636061706166416
"NOUN,CCONJ",0.001785133483208362
"NOUN,DET",3.3489570837501126e-05
"NOUN,INTJ",1.6249925700528818e-05
"NOUN,NOUN",0.00012042883402473638
"NOUN,NUM",9.5524355637755e-05
"NOUN,PART",1.6745025811306837e-05
"NOUN,PRON",0.0009100718851658312
"NOUN,PROPN",0.00033156296922432963
"NOUN,PUNCT",0.0014504202382561243
"NOUN,SCONJ",0.00019150792735258786
"NOUN,SYM",1.9646722459513486e-05
"NOUN,VERB",0.0014230498926566953
"NOUN,X",2.4112241024961026e-05
"NUM,ADJ",4.9833828786761634e-05
"NUM,ADP",0.004826692879810348
"NUM,ADV",5.031888066814301e-05
"NUM,AUX",5.884982195977771e-05
"NUM,CCONJ",0.0002566821956490328
"NUM,DET",3.443782053645679e-05
"NUM,INTJ",1.71223008970299e-05
"NUM,NOUN",0.0015917325722493057
"NUM,NUM",3.380913362504087e-05
"NUM,PART",1.7245572373918385e-05
"NUM,PRON",5.2017721446995664e-05
"NUM,PROPN",2.6820722298205226e-05
"NUM,PUNCT",0.00016867276915062392
"NUM,SCONJ",3.871799280606687e-05
"NUM,SYM",5.340064383620515e-05
"NUM,VERB",3.835410814663381e-05
"NUM,X",2.160423247863642e-05
"PART,ADJ",1.9230078988114346e-05
"PART,ADP",5.063563934409509e-05
"PART,ADV",3.697745801042095e-05
"PART,AUX",3.835318143087339e-05
"PART,CCONJ",8.217769337007351e-05
"PART,DET",3.6532807805408504e-05
"PART,INTJ",1.2372723905938877e-05
"PART,NOUN",1.5365667879402376e-05
"PART,NUM",1.7563004033888035e-05
"PART,PART",1.2514667542426711e-05
"PART,PRON",5.135283312355768e-05
"PART,PROPN",2.0499876595293513e-05
"PART,PUNCT",8.443113520975042e-05
"PART,SCONJ",3.504499867704373e-05
"PART,SYM",1.4771217721448551e-05
"PART,VERB",3.17700389031023e-05
"PART,X",1.3027472285106095e-05
"PRON,ADJ",0.0016320116531987126
"PRON,ADP",0.0038401441493039917
"PRON,ADV",0.014248512094863799
"PRON,AUX",0.016285194072614452
"PRON,CCONJ",0.00043434771616766474
"PRON,DET",0.001172426395087385
"PRON,INTJ",4.8488822965619094e-05
"PRON,NOUN",7.557084741713166e-05
"PRON,NUM",6.153305087693143e-05
"PRON,PART",4.762723316794425e-05
"PRON,PRON",0.00850660233118749
"PRON,PROPN",8.343447605754401e-05
"PRON,PUNCT",0.0023899769498609384
"PRON,SCONJ",0.0015048024007688864
"PRON,SYM",5.074223882711352e-05
"PRON,VERB",0.03612600617366696
"PRON,X",4.8024238747090145e-05
"PROPN,ADJ",0.00011471218878850033
"PROPN,ADP",0.0010565656399421672
"PROPN,ADV",0.0035864837098838697
"PROPN,AUX",0.004398251891755861
"PROPN,CCONJ",0.002629447597889753
"PROPN,DET",3.817238014036333e-05
"PROPN,INTJ",2.3239940637612664e-05
"PROPN,NOUN",2.73340011650055e-05
"PROPN,NUM",0.00010148662134708556
"PROPN,PART",2.330247327630769e-05
"PROPN,PRON",0.0003434376665089431
"PROPN,PROPN",0.005930045428581126
"PROPN,PUNCT",0.004261522824073507
"PROPN,SCONJ",5.473872300657817e-05
"PROPN,SYM",3.525355589438564e-05
"PROPN,VERB",0.011493139484208513
"PROPN,X",2.3979806349481058e-05
"PUNCT,ADJ",0.00017024373534387733
"PUNCT,ADP",0.004125755494405344
"PUNCT,ADV",0.00885789916792976
"PUNCT,AUX",0.005029948015680591
"PUNCT,CCONJ",0.001571916895912415
"PUNCT,DET",0.009738449569180109
"PUNCT,INTJ",0.0003331637105649409
"PUNCT,NOUN",0.0006610792445783312
"PUNCT,NUM",0.0001295540744226514
"PUNCT,PART",3.876716585521028e-05
"PUNCT,PRON",0.006079792366204306
"PUNCT,PROPN",0.0025788151277769586
"PUNCT,PUNCT",0.00016247270894375983
"PUNCT,SCONJ",0.0005466887560042254
"PUNCT,SYM",4.934734749657115e-05
"PUNCT,VERB",0.004929911096960607
"PUNCT,X",7.56911418588828e-05
"SCONJ,ADJ",0.00034356137855147444
"SCONJ,ADP",0.0004953699440625156
"SCONJ,ADV",0.0025635327585712205
"SCONJ,AUX",0.001179296487195887
"SCONJ,CCONJ",0.00010079001675361633
"SCONJ,DET",0.007408560161011504
"SCONJ,INTJ",3.34170511877054e-05
"SCONJ,NOUN",0.000214846287752369
"SCONJ,NUM",0.00013819700688220637
"SCONJ,PART",3.2746429967167896e-05
"SCONJ,PRON",0.003495234573627065
"SCONJ,PROPN",0.0010932120804731371
"SCONJ,PUNCT",0.00036111125519401594
"SCONJ,SCONJ",0.000245912276305054
"SCONJ,SYM",3.282833682390864e-05
"SCONJ,VERB",0.003244070214483056
"SCONJ,X",3.2168723970426585e-05
"SYM,ADJ",1.9438409332648773e-05
"SYM,ADP",8.123779808956165e-05
"SYM,ADV",3.711653988352206e-05
"SYM,AUX",3.7174826392723803e-05
"SYM,CCONJ",7.778442092655382e-05
"SYM,DET",3.5086226140494123e-05
"SYM,INTJ",1.2091214378051427e-05
"SYM,NOUN",1.479871369647301e-05
"SYM,NUM",2.6376510843282022e-05
"SYM,PART",1.22299284519629e-05
"SYM,PRON",5.018443141038636e-05
"SYM,PROPN",2.143230157296374e-05
"SYM,PUNCT",7.793862029059737e-05
"SYM,SCONJ",3.4012891127575755e-05
"SYM,SYM",1.4435136632215556e-05
"SYM,VERB",3.100043363227965e-05
"SYM,X",1.2731065640908145e-05
"VERB,ADJ",0.0012430599047719322
"VERB,ADP",0.012638820687255742
"VERB,ADV",0.006420151920840951
"VERB,AUX",0.0007296946371794448
"VERB,CCONJ",0.000489779022940146
"VERB,DET",0.010410183471577676
"VERB,INTJ",1.804229660998219e-05
"VERB,NOUN",0.002118689055651045
"VERB,NUM",0.0022136352790594347
"VERB,PART",1.8211500170103708e-05
"VERB,PRON",0.007438359082468971
"VERB,PROPN",0.00011824789486501105
"VERB,PUNCT",0.0029446207589685063
"VERB,SCONJ",0.00602933153032133
"VERB,SYM",0.00015622663587007646
"VERB,VERB",0.0017347509745993515
"VERB,X",2.1282043649834958e-05
"X,ADJ",1.9604149972063906e-05
"X,ADP",6.701316893717244e-05
"X,ADV",3.749708164183617e-05
"X,AUX",3.937414555914059e-05
"X,CCONJ",8.581397500687066e-05
"X,DET",3.6211626340503194e-05
"X,INTJ",1.2280941899726953e-05
"X,NOUN",1.5570021427545602e-05
"X,NUM",1.744282188743066e-05
"X,PART",1.241993123757751e-05
"X,PRON",5.092320470286413e-05
"X,PROPN",2.434383593420169e-05
"X,PUNCT",7.37015748320477e-05
"X,SCONJ",3.47492789284348e-05
"X,SYM",1.4673427299689835e-05
"X,VERB",3.1954699679033664e-05
"X,X",3.658060663900761e-05
