estado,ADJ,ADP,ADV,AUX,CCONJ,DET,INTJ,NOUN,NUM,PART,PRON,PROPN,PUNCT,SCONJ,SYM,VERB,X
"ADJ,ADJ",0.0124467998375858,0.1502923338185864,0.0163707984495835,0.0171027424751227,0.0726580609559839,0.0029853332798218,0.0008068791835905,0.0206935956252609,0.0015327003881838,0.0008065686745819,0.0165431486889899,0.0114346403925945,0.6458202496981499,0.0089795676712853,0.0011870397094951,0.0193636041434264,0.0009759071638351
"ADJ,ADP",0.0035616782002919,0.0009911213193141,0.0128034869028966,0.0046246238829775,0.0004602874389507,0.6216962450999308,0.0001562016930708,0.1286123339091965,0.0246964136408984,0.0001550655334753,0.1008472193066725,0.0360826467203301,0.0056106413924106,0.0073196680364112,0.0025768758507794,0.0496409438375927,0.0001645463647324
"ADJ,ADV",0.0714695463182379,0.2658199074979501,0.0807830595754663,0.1541784363504746,0.0062647966887172,0.0096939404883992,0.00133045770649,0.002906867852769,0.0034684721980114,0.0013211507192115,0.0336858070458123,0.0020934242861498,0.113581482644814,0.0124643492535912,0.0023867520697044,0.2368840489942041,0.0016674796354863
"ADJ,AUX",0.1546746688150184,0.1336197996994754,0.0630148786657157,0.0399100325284728,0.0024356107097355,0.27042535907429,0.0013301264821205,0.0246558804434046,0.0041047281574996,0.0013255524046378,0.065346276113657,0.0041155615528039,0.0084553957362575,0.0270264414092551,0.0090826852616929,0.1890820723427318,0.0013949192279055
"ADJ,CCONJ",0.3695072782885074,0.1368672883705457,0.0643286736750499,0.010954632497138,0.0013420129409837,0.1035052463121153,0.0007340856519504,0.0765647884290866,0.0056607384737713,0.000717657386519,0.0275866590519745,0.0027612557117711,0.0422394513732359,0.0144953168113233,0.0008668859442884,0.1394859432758972,0.0023820828091867
"ADJ,DET",0.0091853290529963,0.0377849289421238,0.0120692378618644,0.0142449489365293,0.0112419321840327,0.0478911326897691,0.0044450418026397,0.6629669039150975,0.0108823653587289,0.0044200215064015,0.0353298233544378,0.0205606951761135,0.07493186473753,0.0187172816999883,0.0124172485015071,0.0156506199017445,0.007260570523965
"ADJ,INTJ",0.0343207514443335,0.1080285680135601,0.0588912356175476,0.0599415923175571,0.123487337566274,0.0669736128850581,0.0193982975816826,0.0248447948665883,0.03230788605929,0.0193193933457303,0.0641414729362372,0.0293433401094891,0.2094253099517483,0.0540697671256036,0.0308698351810385,0.0430219575634192,0.021614019383851
"ADJ,NOUN",0.0554291321962524,0.4495564853392981,0.0132664407512287,0.0353471858041284,0.0202573237768146,0.003926485082631,0.0001063653714096,0.0008092049200152,0.0053165983738219,0.0001036660433013,0.0249360540293726,0.0018254147846352,0.3592834168317071,0.0024283367358219,0.0001349222813967,0.0271277190546593,0.0001452474082421
"ADJ,NUM",0.0048814766925708,0.0140037072824279,0.0075915760524874,0.0085974769474554,0.055403950335317,0.00469978008821,0.002406593368023,0.7787902210908263,0.0059957002813629,0.0023900150659407,0.0059441198855434,0.0100888861039254,0.0481324140523893,0.0054403684787089,0.0289739962328085,0.0135316806164396,0.0031280023630277
"ADJ,PART",0.034456306553552,0.1085030658424409,0.0591228389989589,0.060212230360131,0.1240530657404132,0.0672796725486206,0.019480946050991,0.0249434641049307,0.0324504304060413,0.0194016879424992,0.0644298659091383,0.0294720137206919,0.2059543382072812,0.0543134764428813,0.0310047349826949,0.0432164956669169,0.021704535695423
"ADJ,PRON",0.0153520922243402,0.0447234341600655,0.1199751669786506,0.1142999113392847,0.0063708045840288,0.0915217930589694,0.0019523126608801,0.002807484331983,0.0037608760107138,0.0019713805193947,0.0615247749313338,0.0026073514692764,0.0165277517922775,0.004674248200372,0.0024065420493952,0.5074369397569057,0.0020871154934718
"ADJ,PROPN",0.0045472100708192,0.0950338141259383,0.0071445122330741,0.0242212023964654,0.0182756295180027,0.0138741617623121,0.0016808488521428,0.0021529614335162,0.003460923203347,0.0016956378460611,0.0055414471353375,0.3715776289964904,0.3909762290131426,0.0105441980535692,0.001949837431074,0.0454955305819261,0.0018281933291215
"ADJ,PUNCT",0.0327724251501039,0.1762672710776682,0.0677984157437213,0.0413420624879178,0.1355744547870973,0.1285194879381781,0.0009628727840423,0.0256844798832677,0.0053695375871408,0.0001978295743222,0.078398033177669,0.0267308628498075,0.1240776291446511,0.0263800489041739,0.0049493517068808,0.1246722084780251,0.0003030278921267
"ADJ,SCONJ",0.0178020917712366,0.0130495401806987,0.1196544486464321,0.0553611485233358,0.0045230799268166,0.3907519596745588,0.0021159514890542,0.0156131414747355,0.0031665277269251,0.0021426258271448,0.1905113297264425,0.0126200884707115,0.0673957609497265,0.0035697505056161,0.0022557022224701,0.0972818395362882,0.002184998445456
"ADJ,SYM",0.0247128465596498,0.1420701740292906,0.0485159595438044,0.0402499427354426,0.1040799501130941,0.0419204864116424,0.0131312118654677,0.0170235545660794,0.1906909239095136,0.0130241530172136,0.0427665299492783,0.0257622230590003,0.1873232226208723,0.0353798267185269,0.0214438539339396,0.0367902770127783,0.0151144040628446
"ADJ,VERB",0.0035469156301473,0.3061248109218638,0.0741634866917661,0.0341136761720669,0.0029181658282426,0.2398623977203748,0.0005347521318449,0.1108596797705408,0.0269607855700135,0.0005340227931304,0.0656803582289736,0.004712129538542,0.0525989712214457,0.0468885278669543,0.0007888571370515,0.0290919784888482,0.000620476211581
"ADJ,X",0.0267927887541407,0.2002295917284556,0.0441664174723045,0.052524823053043,0.1704591779372259,0.0447809079620228,0.0133473842194027,0.0196036140142713,0.0219276385355383,0.013379443831973,0.042507457414956,0.0578663482807781,0.1359339889567608,0.0386451713477146,0.0199445267570886,0.034796622939533,0.0630936392632844
"ADP,ADJ",0.0055560013878425,0.088322518687038,0.0028684000865988,0.0086555799858213,0.0410114152568129,0.0056643291905304,0.0007692170595504,0.6203996674487303,0.0030112838434703,0.0007646437104736,0.0026731581463995,0.0052889452399803,0.2000861059460361,0.0024455505415494,0.0041833971564624,0.0074091619101347,0.0008906166109318
"ADP,ADP",0.0107986930926021,0.0265024773330456,0.0427973091070598,0.011933045067343,0.0212389107773109,0.4688353663098576,0.0053605255401423,0.0448996392020386,0.250038647931266,0.0052809269952688,0.0275594093193212,0.0214286092402313,0.0207526559070119,0.0122948159317235,0.0134320120219267,0.010950449628427,0.0058964722684694
"ADP,ADV",0.013193939989601,0.2760899531617273,0.0377873871160949,0.0553054942557466,0.0245685175006902,0.0643315277548398,0.0006380458476673,0.0022817683456572,0.0698422275968328,0.0006332818534097,0.0235416913424841,0.0008493492532449,0.2938119653414833,0.0138681803305629,0.0010330367176994,0.1214905007582493,0.0007331294414711
"ADP,AUX",0.0794770490297226,0.020990132052969,0.1714249458873039,0.0079728177391495,0.0064204873014925,0.1945934261632353,0.0016029937452717,0.0807039139590245,0.0156547834408133,0.0015856148097041,0.0322858753555829,0.0058999262930091,0.0163866314267757,0.0041031961878515,0.0032231779258243,0.3558983526759959,0.0017766661433031
"ADP,CCONJ",0.0489317911359752,0.2539497379194858,0.0583116017371984,0.0483537097630199,0.0716535794785454,0.0590548136050612,0.0148107936180099,0.0390086045041026,0.0491634864465611,0.0146263654151739,0.0535295010368683,0.0384800482775987,0.0884015180496501,0.0572904255732309,0.0380781186431989,0.0375642927672148,0.0287914997582462
"ADP,DET",0.0374712767541825,0.0005404773023646,0.001783958094983,0.0001796861789662,0.0001871506469989,0.0287031112325939,2.8791769765131044e-05,0.7308368782230589,0.0108838307313481,2.8507687910446946e-05,0.007397428486134,0.1729275994280621,0.0048989000038329,0.0001697812226624,0.0002963803283276,0.0026193458068778,0.0010468960079003
"ADP,INTJ",0.0301556860697173,0.0900072316017595,0.0626369462900496,0.0580897804125314,0.1587169315083467,0.0700088697346128,0.0167025984751978,0.0223348715208133,0.0350327134010729,0.0167072107199131,0.0603242917766306,0.0240297803428676,0.1809120128134239,0.0498228616772612,0.0717852814006674,0.0339403631435101,0.0187923133392621
"ADP,NOUN",0.0961498811607839,0.3831943474606618,0.0156877230873846,0.0145145345341057,0.0828653485053347,0.0049010629292196,3.2679431563122624e-05,0.0011194682170643,0.0006026131858856,3.239569713697856e-05,0.0150805935471893,0.0008441209706339,0.3651345216594868,0.0024156782399016,5.964698330726634e-05,0.017270042450332,9.53416675211212e-05
"ADP,NUM",0.0013260806840277,0.1169316400973023,0.000764679962688,0.006704151779114,0.051551153423094,0.0034407142988696,0.0001338858146622,0.2387654742409095,0.0243856996576531,0.0001340899864263,0.0016537948313239,0.0004210580009787,0.4028391722658616,0.0003187317769109,0.1462991443788348,0.0041731916907319,0.0001573359253507
"ADP,PART",0.0304394831816688,0.0909015696434543,0.0632479605075915,0.0586404219942611,0.1602995211875093,0.0707087049104793,0.0168554328017771,0.0225150383183668,0.0353662044348939,0.0168601064561933,0.0609159868682071,0.0242284938810606,0.1729930246884809,0.0503000340762695,0.0724927566885704,0.034272166026039,0.0189628363166497
"ADP,PRON",0.0143582277095874,0.0759289567303693,0.0453448299093893,0.0369055567654147,0.021728988174439,0.0701818629371194,0.0001884406281179,0.0040137132021058,0.0002931440821615,0.0001859173118806,0.1895250386287374,0.001571201711018,0.398925837447631,0.0078098927616527,0.0003073233199868,0.1325267828880008,0.0002042849101737
"ADP,PROPN",0.0016774966486029,0.0901602619003494,0.0133329720102222,0.0189893991514793,0.0894714949621398,0.0032494263005479,0.0001125775741311,0.0004296119544585,0.0005054446308534,0.0001121151308027,0.0046015763258025,0.2495910190526406,0.5041934593009056,0.0032136942933557,0.0003581284748717,0.0198805535265263,0.0001207675902058
"ADP,PUNCT",0.0337430990446928,0.0183550657744538,0.0309571959947112,0.0039662235206966,0.0063152535229919,0.0671014640752829,0.0115049482667522,0.1299971401630341,0.0218595489378888,0.0021685131243124,0.0036544591521462,0.5332969585271147,0.0112059867311558,0.0034800701478065,0.0055904241934367,0.0368710494391368,0.0799325911401784
"ADP,SCONJ",0.0019442365360926,0.0096165656539405,0.0417024971253696,0.0447281589585268,0.0077594282645061,0.6018307069102068,0.001018909849296,0.0106988684769145,0.0019133507515222,0.0010114188616756,0.1203787989468149,0.0269749660493908,0.0391411388617118,0.0061634944274386,0.0019965199353887,0.0820239536915483,0.0010969794067619
"ADP,SYM",0.0016210593473225,0.0061673749034679,0.0028087206148872,0.0025445904926127,0.0058907751634148,0.0071068181119341,0.0013563622573501,0.0011763253795918,0.9360026098990007,0.0013495968882037,0.0025882706637104,0.0016529049332994,0.0217896890760459,0.0023274618447306,0.0025590106445501,0.0017188476424106,0.0013395742257236
"ADP,VERB",0.0063808548019025,0.2220357254926967,0.0245952951869626,0.0027072024844652,0.0144845721588007,0.4593227975132295,0.0001162888459882,0.067581688594815,0.0039066604414288,0.0001158559178055,0.0541766395600965,0.005270930598153,0.1100041788749295,0.0224877834904753,0.0027047777544072,0.0039519852580706,0.0001567617890856
"ADP,X",0.0168409396625449,0.0602487941284259,0.0367658061341195,0.0365812919672885,0.0840246742820553,0.0357863871192459,0.008956299814873,0.0123217525347822,0.0176544177948775,0.0089301107013823,0.0311700301402656,0.0201533872552918,0.2732978727722855,0.0260221170721308,0.0308930686310317,0.0204820042527084,0.2798709148229314
"ADV,ADJ",0.0018056224327767,0.3053185428296633,0.0099029706497469,0.0141520455115152,0.0892997783900014,0.0061279575820986,0.000124248160134,0.0110625113595822,0.0002873483717801,0.0001233788709519,0.0032357168202068,0.0004960075352026,0.5160543692235221,0.0316969617844648,0.0001786848206941,0.0098269181922784,0.000306935487191
"ADV,ADP",0.0054671732002639,0.0019939067871707,0.009898158656747,0.0102728155534588,0.0005001518984791,0.5576928939407354,0.0002422357675158,0.0895988168778424,0.1256233941948019,0.0002403490006911,0.0849925192574581,0.0196652022584632,0.0066918622625714,0.001836808177415,0.0293021090074505,0.0554540752200717,0.0005275269759796
"ADV,ADV",0.110148255153782,0.2446246528087601,0.0208456781823352,0.1235700286724329,0.0077186543054772,0.0231373346767859,0.0006779446811047,0.0013719560547968,0.007046519442152,0.0006617538075881,0.0406301881837936,0.0017579357923821,0.1951521752462652,0.0158207329041167,0.0008624392901076,0.2051574420289828,0.0008163052293082
"ADV,AUX",0.1952319941342287,0.1302939322583263,0.082500517403886,0.023512492073225,0.0038413935085337,0.1470888563209706,0.0005205453267578,0.0685415564639548,0.0068422707672538,0.0005146265691863,0.0284048885528576,0.0029324604164,0.0218381235669071,0.0105835269530398,0.0007707506915365,0.2760199966344834,0.0005620665753217
"ADV,CCONJ",0.0101016369085908,0.0911792428713453,0.3094171838559457,0.0717201631985571,0.0107825695003335,0.0606640525567393,0.0038100523774287,0.0207659787502457,0.0099144491154092,0.0037464301969333,0.1230163681600136,0.0077620441695581,0.015277587592198,0.0124890142899962,0.0046129395557295,0.2387166555825615,0.0060236125888121
"ADV,DET",0.0295379365311213,0.0085728256153347,0.0040852410407491,0.0026070897470523,0.0022465062346115,0.0521785789959631,0.0011349100021508,0.7818822273566659,0.0172206025138447,0.0011253815616407,0.0113765321228539,0.0708061864812372,0.0057064727067382,0.0044738423270243,0.0023870240474909,0.0027628990340857,0.0018957392395033
"ADV,INTJ",0.0247582150174756,0.1133274172526336,0.070873511203699,0.0660469470263924,0.1305110612638582,0.0766938935504825,0.0165737976787138,0.0290922269491613,0.0270369461847324,0.0165132896493155,0.0708391094461904,0.0234911124635715,0.1937180356991165,0.0586633326093817,0.0257664933780821,0.037218286097217,0.0188759620056003
"ADV,NOUN",0.0523616376837214,0.5057665043027681,0.0129250233375327,0.0046896359422127,0.1232999707669624,0.0046323523013654,0.0012112383549826,0.0030951454373325,0.0077939038879241,0.0011867496817823,0.0143893090374613,0.0117510995359918,0.2196929206671378,0.0167455324540477,0.001935774463566,0.0165841239013498,0.0019390540717796
"ADV,NUM",0.0076876664093436,0.0410382126688805,0.0028148113007593,0.007124329349494,0.0211529935323982,0.0032523800883318,0.0012421581810848,0.7270718688734061,0.0120761547362398,0.0012434312148813,0.0034758197147321,0.0085270429554479,0.0284967829120931,0.002674994148237,0.1253047505580189,0.0052044038178045,0.0016121860730785
"ADV,PART",0.024916819999643,0.1140875871270374,0.0713454765617132,0.0664941738763206,0.1313989722768975,0.077215298314297,0.0166831289075506,0.0292824664558775,0.0272179200931528,0.0166222109875671,0.0713183740459463,0.0236475867609337,0.1883014109255894,0.0590603576947599,0.025938243151079,0.0374699384721582,0.0189996698211684
"ADV,PRON",0.0123912546717833,0.0517291478338575,0.0456435699059962,0.0296775473033749,0.0045076222951619,0.0114009131877617,0.0016010518293148,0.00247845958059,0.0021742734028342,0.0015845199130776,0.0720012548584243,0.0021467070211708,0.0568220815049881,0.0041309552403491,0.0019783272495814,0.6980637281750891,0.0016685811037494
"ADV,PROPN",0.0155782386671322,0.0829228487034655,0.0239228219281404,0.0986896662857102,0.2123727188404716,0.0208663189147904,0.0054695318693166,0.0094215658411602,0.015095711085623,0.0054585713929597,0.0206102099015795,0.0910723874413168,0.2631557511942352,0.0200380442974719,0.007132779863006,0.1021233232709391,0.0060694159269786
"ADV,PUNCT",0.0144491120056501,0.1418852934081811,0.0965275554111761,0.0503028699734559,0.0836526288335912,0.2063739771260319,0.0009874430248779,0.0238971126668104,0.0139596600432681,0.0005665297246652,0.0929013434047465,0.0191568519330122,0.08574192231428,0.0255107703308615,0.0010315523156997,0.1408579492840893,0.0021974262645615
"ADV,SCONJ",0.0087029530270319,0.1163389479992906,0.0825263427560083,0.0449347326211449,0.0104576478095038,0.3521418477619298,0.001573887977702,0.0217279992084085,0.003437867414739,0.0015511313003252,0.1639007900740041,0.0435806935784901,0.025267390387927,0.004049684135344,0.0018991232743029,0.1162588140991697,0.001650138614315
"ADV,SYM",0.0165688397568121,0.1048709528724496,0.0391013833558312,0.0359235516712784,0.0699016673386959,0.0388826179079017,0.0094907122113496,0.0166012777460522,0.391499851572513,0.0093965558478764,0.0366899557234695,0.0175478301511026,0.1254044100208653,0.0308058126288214,0.0159875297809436,0.0298815919990898,0.011445284857762
"ADV,VERB",0.0076631565370485,0.2177389760177229,0.0635874123881533,0.0350927090681664,0.0084329933211279,0.2118024213649861,0.0001573597174581,0.1262928063194598,0.0058902076239685,0.0001557784442793,0.0698532668072728,0.0037914773663898,0.1170776572884822,0.0344127260577586,0.0016656104256911,0.096177841047498,0.0002075992901718
"ADV,X",0.0199372310330456,0.1079993888046238,0.0527440150800357,0.0532793818962016,0.114731558151784,0.0577602817896532,0.012648167296507,0.0242113856104846,0.0205727721058608,0.0126085614654595,0.0540789295579313,0.0260726061187918,0.3154086238333125,0.0448138849593274,0.0197061052732001,0.0347233601589351,0.0287034738112336
"AUX,ADJ",0.0005671296971,0.2962871814876364,0.0144182144519006,0.000620434801286,0.0812775287486062,0.0104841235133855,0.0001830741834735,0.0051525945662123,0.0004471000531555,0.0001829658114387,0.0094799000833038,0.0006192771570673,0.4229722486237355,0.0648358114528283,0.0002836747634141,0.0919885510659456,0.0002001876836123
"AUX,ADP",0.0278128839368873,0.002818643795204,0.0289544241744598,0.0066285958005313,0.001827963492746,0.5325723689317463,0.0008894282695062,0.1939329896986237,0.0489313443345059,0.0008856369628583,0.0700302539160748,0.0133625818668471,0.0078144867389443,0.0119527284101065,0.0242334388082128,0.0264883424210301,0.0008638859185292
"AUX,ADV",0.4482238477263613,0.1195258789615052,0.0770697695199735,0.0054139292938551,0.0134902403863165,0.0788354236105937,0.0006047650366385,0.0133051807424684,0.0133663742555096,0.0005957442995054,0.039655686592529,0.0049276369318971,0.1011820803056403,0.0292482281897731,0.0009314504571805,0.0520430732599217,0.0015806874447206
"AUX,AUX",0.0959533853274187,0.0555469394807916,0.0748643190262352,0.0046906323680937,0.0110031497442143,0.0783037251881832,0.0021123256212809,0.0201802922518412,0.0159882670769131,0.0020645201749823,0.0083666047391544,0.0036781193130248,0.0392635135690461,0.0076309523065823,0.0050770463313942,0.5727640594430922,0.002512132191777
"AUX,CCONJ",0.0398660547635913,0.0691568255038927,0.1256052453088109,0.1399626794450683,0.0512672680926361,0.063076611028369,0.015129742523759,0.0351187115653467,0.0405991043726301,0.0148268621229769,0.1679802281356798,0.0342322379828048,0.0724139937782039,0.0438497142664945,0.0224847337401714,0.0407550166893851,0.023674889697566
"AUX,DET",0.145949936253086,0.0071734049626506,0.0065175837435539,0.000908609950529,0.0011058150823067,0.0183408476844401,0.0004638541116035,0.761176672538849,0.0019256941305962,0.0004629523621305,0.0159494842139052,0.014663328024976,0.0204624049549575,0.0019337256616107,0.0007465053420007,0.0008360554503864,0.001383124004329
"AUX,INTJ",0.0247802514343514,0.1256764113217151,0.0568306557976893,0.0433532174772155,0.1634629167446422,0.0816381050949007,0.0144867225941372,0.0205202120040487,0.0364417430649512,0.0143775492427995,0.0639745394764699,0.0180490805227194,0.2040933941841547,0.0598244542326332,0.0298119670947683,0.0272666661553586,0.0154117788200926
"AUX,NOUN",0.0595944612598853,0.5734387968301388,0.0114620047970708,0.0178688108343424,0.0331572179788964,0.004624912520476,0.0003899002127511,0.0010603360516179,0.0035791278789011,0.0003915462372692,0.0185484223930558,0.0009353490986648,0.2550074126779726,0.0159325374958803,0.0009240225528544,0.0023886387147708,0.0006964947250651
"AUX,NUM",0.0041925857944008,0.5563701072983166,0.0042775461569752,0.006098418810321,0.0128389600257088,0.0215138355389648,0.0029283082410833,0.1987793900160562,0.0355802231680606,0.0029963006243369,0.0070186951691659,0.0031339262679628,0.0647697737161135,0.0060154037313279,0.0662569968319346,0.0040371626190099,0.0031923486020904
"AUX,PART",0.0248876266615356,0.1253271103406667,0.0570938782474851,0.0435595613271145,0.1642596002260152,0.0820349935600572,0.0145530559488376,0.0206103015479304,0.0366150620032137,0.0144433499638332,0.0642812339657735,0.0181317438374618,0.2012630786737466,0.0601126716529372,0.0299529706120331,0.027393056329935,0.0154803691577005
"AUX,PRON",0.1237566462533103,0.0757203289588686,0.0708842993253815,0.0078505659528575,0.0162917795574605,0.0894601243293756,0.0017204111962363,0.002729119054115,0.0027351525247306,0.0017079755981939,0.2037346753311009,0.0018738011613775,0.1559859390888354,0.0135166988637449,0.0023175319343803,0.2279189545577897,0.0017959889418423
"AUX,PROPN",0.0105803731755102,0.0318800241107229,0.0143365070367037,0.0196938520226842,0.0656198485226098,0.0148843163552989,0.0036600525250894,0.0047439208038585,0.022880089271764,0.0036607493851737,0.055128851140452,0.3259772335075195,0.3942431098528896,0.0133907131713352,0.0056695098113609,0.0099217062202724,0.0037290892950488
"AUX,PUNCT",0.069796654174692,0.2330508238513094,0.1639548766653037,0.008677401085769,0.031620184268458,0.1854837324345424,0.0090684852962409,0.0305850455960833,0.0188129796736551,0.0029841092721282,0.0810920838322304,0.0235854785165647,0.0333442543488361,0.0079102104016499,0.00926140356682,0.079394192642319,0.0113780704814384
"AUX,SCONJ",0.0032632418661137,0.0112227026646018,0.0827012672254226,0.0567136580994847,0.0100039874458283,0.4301961780441981,0.0019645418390737,0.0136105451758137,0.0043840358645456,0.0019536130541069,0.1292069864643065,0.0031381976752214,0.1176337019446245,0.0529570039206922,0.0026808994705861,0.0763015174258429,0.0020679091178975
"AUX,SYM",0.0176015232555155,0.1162947688827631,0.0370826408237968,0.0279702108995928,0.0847819074047435,0.0419410071232916,0.009561121018292,0.0145002091042299,0.3623149984813241,0.0094796818290564,0.0375741807960752,0.0182981418272249,0.1335150533792159,0.0360370148645556,0.0173093428077576,0.0248729035385415,0.0108651308202976
"AUX,VERB",0.0034163769284171,0.5925967100229633,0.038133955464459,0.0032061085418069,0.0261040735480752,0.1121766194330654,8.04776365926578e-05,0.0200597648268976,0.0073543138157307,7.912996410849532e-05,0.0124807273784829,0.0014797978741816,0.1613886477306444,0.0155251330381391,0.0024123486861443,0.0033969302773983,0.0001088838477195
"AUX,X",0.0250572460293233,0.1492614367411839,0.0518788825925235,0.0431826959986478,0.1569288828502692,0.0746468753719585,0.0133603431834632,0.0205045742501394,0.0333560674428872,0.0132746613686102,0.0584802717363792,0.0256977978695619,0.1913888979241731,0.054614318141359,0.0273331167490951,0.0299303972006045,0.0311032271149565
"CCONJ,ADJ",0.0112701816746934,0.2146105895675035,0.0092596670504875,0.0162764502283702,0.027914404141055,0.0019941300076518,0.0006723967751468,0.0714924137639234,0.0013137444034811,0.000669100630258,0.0076181632314514,0.0042496205841824,0.6050590054476348,0.0194249868831097,0.0009264063061855,0.0064908167955683,0.0007579160497906
"CCONJ,ADP",0.0160208890679981,0.0054026673016116,0.0395303168702428,0.0081550683991763,0.0014054829542789,0.5598237778113463,0.0007102166670048,0.2105447176776055,0.0132384106146099,0.00071430582869,0.0586458100261232,0.033228308824465,0.0109908215959622,0.0049072930788789,0.0012899147609258,0.0345951606791763,0.0007968356053458
"CCONJ,ADV",0.0700224719601581,0.1288328089365953,0.0933295673297351,0.0585616739404714,0.0047255437834792,0.0767141130729666,0.0008997768973731,0.0165549398540166,0.0106752314791767,0.0009109554458457,0.0485033385824841,0.0027122975777816,0.0872053251909,0.0026077532701599,0.0012948234414055,0.3953250657114557,0.0011243104021582
"CCONJ,AUX",0.168728196460247,0.0521289189754635,0.1742095736417374,0.0094769011754398,0.0047031917650203,0.0755650623531138,0.0019936843695748,0.0247600481765069,0.0372430215946412,0.0020022416470242,0.0575701652575464,0.0069270965138962,0.1416943611668417,0.0261096968099223,0.0033858727277993,0.2112814628530932,0.0022204959737245
"CCONJ,CCONJ",0.0503982581217778,0.1235968847700476,0.0571435068160021,0.0450358170898146,0.0408945643039417,0.1580071955673775,0.0191405066749613,0.0422617540255029,0.0469786824797477,0.0189454976441938,0.0530593492897738,0.084633795410595,0.073002989434342,0.047088656008432,0.0267705874170807,0.0815931341742819,0.0314487472065896
"CCONJ,DET",0.0263793435789196,0.0081390808708982,0.0031891891621688,0.0014832080885846,0.0011574840845605,0.0386249101579936,0.0007542095851893,0.7877424981749064,0.0036237880945356,0.0007542246421462,0.0181278775758707,0.0852121462872057,0.0121673239386962,0.0017295009537821,0.0011462566086325,0.0010693277321252,0.0086996287460609
"CCONJ,INTJ",0.0340871687905198,0.1014992636019507,0.0774273634998138,0.0711118346145444,0.0901616142769246,0.0533249982819508,0.020307872172924,0.0279517669027945,0.0332410407187013,0.0203073933609719,0.072332320110764,0.0299996412283491,0.1995278274041638,0.0677115877802114,0.0382666801267767,0.0403475571767246,0.0223938031357689
"CCONJ,NOUN",0.1087056526795022,0.3526162768999712,0.0150305603648558,0.0140148415611851,0.0105447106015453,0.0022199331352006,0.0002722940482058,0.0015777309615674,0.0037587695904105,0.0002699522505246,0.0268305420607317,0.0043018834626782,0.4327523988460868,0.0021979026757648,0.0004525943443904,0.0235001534489654,0.0009538006573975
"CCONJ,NUM",0.0028048059914156,0.1593167062984913,0.0098108095745259,0.0040094056035884,0.0179052638285739,0.003925302440044,0.0012086397959934,0.3377896350866096,0.0153413653087973,0.0012187655162669,0.0040752129056514,0.0049898657803354,0.3675029802723508,0.0030048694901675,0.0535174240756286,0.011991821773029,0.0015871165811066
"CCONJ,PART",0.0345195326077547,0.1028160630460965,0.0784282980701878,0.0720373536790119,0.0913362358000374,0.0540195911987722,0.020569726734903,0.0283028487331722,0.0336710314118235,0.0205692511365321,0.0732731109385086,0.0303849277101208,0.189162883834632,0.0685933538018251,0.0387622249229842,0.0408724485341864,0.0226808478834635
"CCONJ,PRON",0.0205255251750825,0.1198065735731298,0.1194563331726971,0.113010962142311,0.0117089657469638,0.0136852277372677,0.0013892844119568,0.0041702664250251,0.0018331123938727,0.0013564885778287,0.1126907457873046,0.0022032522467658,0.073787414512185,0.0045724015375095,0.0022168161998465,0.3961533342425111,0.0014332915198436
"CCONJ,PROPN",0.0014272871435946,0.0756795871296068,0.0247287024132519,0.031977776364441,0.0315477692940779,0.0013398343871289,0.000622800390099,0.0006288252252139,0.0013090885662659,0.0006263713012519,0.0174464825916406,0.3033494584707969,0.4604322661921235,0.0035798053650145,0.0007155543686961,0.043944896761511,0.0006434897289384
"CCONJ,PUNCT",0.0371790762321883,0.3029168714321225,0.1983615680889836,0.0281571316956136,0.0114957527806888,0.105561984020379,0.0031332002281502,0.0156172193069664,0.0188704420986388,0.0011800514972383,0.0482520694658039,0.0669976069769537,0.0086184670964717,0.0718282043725563,0.0022227907365622,0.0761255282193401,0.0034820321082602
"CCONJ,SCONJ",0.0069001706327495,0.0153176033020857,0.1127908778233443,0.1233850678848685,0.0105162883409824,0.3442645382480402,0.0034987152219012,0.0058518202345133,0.0063578656558335,0.0034503076018951,0.1028564656611247,0.0219488104656764,0.108656774765313,0.0117351724070163,0.005587498926319,0.1131587199729186,0.003723280435057
"CCONJ,SYM",0.0271816624995598,0.1187797454760671,0.0532926022455116,0.0495560920888916,0.0625292566243914,0.0360238817377741,0.0148099805058972,0.0221085896289435,0.2472107272119837,0.0147567240484516,0.0486297001819802,0.0301315719390299,0.1549967139339482,0.0436183367662562,0.0260491058100511,0.0339018095636169,0.0164233359954289
"CCONJ,VERB",0.0199900006838451,0.2677518445932281,0.0457857550294973,0.017800829130133,0.0017355110626892,0.285312544310966,0.0003100157343154,0.0941417361538212,0.014529301638889,0.000310463144831,0.0706711539751404,0.0022865682938582,0.068699631200141,0.0701343567266517,0.0040723126963661,0.0354163728432749,0.001051600661677
"CCONJ,X",0.0170820219083917,0.0618656210945249,0.0348873202063838,0.0363851950095835,0.045835238707544,0.0258257250188723,0.0095171424403164,0.0139286489737037,0.0154503258800551,0.0096039615954982,0.0345268475393545,0.019848721560541,0.5802512040238614,0.0314242441137807,0.0192533215344446,0.0223294847358833,0.0219848603272396
"DET,ADJ",0.0053725643263807,0.0026943588215763,0.0009539679281807,0.0014039057654597,0.0209461680475245,0.0006293740988518,0.0002543055793956,0.897518533543647,0.0349927620749182,0.0002511289043696,0.0011918608100638,0.020187933445561,0.0103138395314214,0.0009989684903524,0.0003368240323343,0.000710841100933,0.0012426621276374
"DET,ADP",0.0392454940309538,0.0258073365919979,0.0211735201208312,0.0187965543109903,0.0173525476273254,0.5668084703629955,0.0113534165534814,0.051422092548335,0.02874965797067,0.011221772046125,0.0776450343493434,0.0391398105209068,0.0189466448213412,0.0298280805475904,0.0126577086747042,0.0185062350424011,0.0113455980070898
"DET,ADV",0.4018689461255825,0.1008529185137087,0.0684242453510043,0.0247860491177205,0.0220042881951683,0.015585267427362,0.0054105824232451,0.2106006587994097,0.0197259802725622,0.0053631576792406,0.0155027233831824,0.0095587907588955,0.0359273927814103,0.0229686345529463,0.008464204292217,0.0262314828665252,0.0067246553565239
"DET,AUX",0.1026210934635938,0.0541880807663618,0.1659804680855918,0.0476371620335496,0.0435509893777174,0.1155183640307152,0.0112953002828645,0.0311750526673203,0.0697373702217365,0.01104847179516,0.0485640466692922,0.0336063688925598,0.0497473788339526,0.0396953343407348,0.0170389816397869,0.1455592620770537,0.0130361899967124
"DET,CCONJ",0.0373503891978194,0.0558345799428558,0.0575544311643309,0.04671379300548,0.0408742317312961,0.3183979975919352,0.0123450218985739,0.0325898872852828,0.0435635834727792,0.0121763734527302,0.0617658206036398,0.030488214732679,0.0497982412840047,0.1265812138481904,0.0180467939757468,0.0354133731418059,0.0205059764079864
"DET,DET",0.0145507939024137,0.003869887955554,0.0014521204500121,0.0014250361240985,0.0016105979311214,0.0169536066403746,0.0006371503086357,0.9103789063580888,0.0158798148221368,0.0006294979975977,0.0023366845715862,0.0226382224475786,0.0018426079583691,0.0014912778570362,0.001503762158368,0.0017891809376279,0.0010108496013105
"DET,INTJ",0.0421052829291437,0.0994375949297566,0.0809321855712456,0.0919556858659836,0.1029880793679676,0.0571280406637178,0.0224452629087971,0.031123323243603,0.0327038092600121,0.0223826787850595,0.0737218091441927,0.0369405632249359,0.1195089499514873,0.0666307021388531,0.0342336404946983,0.0599872928516108,0.0257748519893703
"DET,NOUN",0.1151848055994048,0.3629473992952584,0.0415954087547662,0.0476388455718267,0.033448595592884,0.004779312845752,1.2932947040818883e-05,0.0013987158241276,0.0039771386902188,1.2745447921196023e-05,0.0296420207420581,0.0148959573648998,0.2836623202255657,0.0048130859274296,0.0001257623070753,0.0557702218130348,9.47309811430226e-05
"DET,NUM",0.0681368902378031,0.0603176770826422,0.0209948289401053,0.0288495634600939,0.0277702630785221,0.0020396697691083,0.0011588946828694,0.6662025157630139,0.0026133678939148,0.0011425238785322,0.0068087888556381,0.0038403865571688,0.0589588144239129,0.0025810207978873,0.0352132851048733,0.0120142034389319,0.0013573006873149
"DET,PART",0.0423257860567413,0.1000538011299618,0.0814052078621355,0.0925032302159017,0.103607937484514,0.057478120637876,0.0225460816441871,0.0312141883967227,0.0328628115059789,0.0224828763206473,0.0741542734649254,0.0370331785044095,0.1146622717919574,0.0670075816464885,0.034413194228207,0.0603516583761903,0.0258975527810476
"DET,PRON",0.0225632213166591,0.1741628896904752,0.0225232962610235,0.1654117241105398,0.0148843137763862,0.0540648031297352,0.0023540765048563,0.007690824207829,0.0036537570566829,0.0023172873861404,0.1263102644529639,0.0041658799583688,0.1843533771857785,0.0064652506883023,0.0028932444184663,0.2035891256155574,0.0025966585673358
"DET,PROPN",0.0064046148813655,0.1564239700499881,0.0298072117890938,0.0433345621749169,0.0534041043099631,0.0035067480016707,6.881639715500697e-05,0.0003103685115423,0.0014153860561161,6.786062138061027e-05,0.0084297710791646,0.1340007000722276,0.4817565617579876,0.00590248569824,0.0002636516531417,0.0747412757811791,0.000161910744945
"DET,PUNCT",0.0086177986690479,0.020517242163606,0.016358786260688,0.0066139850960399,0.0303276819755189,0.0090921334440822,0.0054487096449547,0.5202597467797953,0.0110430093291769,0.0023294184577644,0.0187119458008837,0.2315465758149081,0.0136402653967516,0.005032987246542,0.0047717088891656,0.0111350720688401,0.0845529251835747
"DET,SCONJ",0.0295470315297403,0.0548889549441481,0.1531446085393295,0.1273287151828226,0.0412325445855694,0.115079779890796,0.0153904981618306,0.0237096645946039,0.0258928220124024,0.0153558958675509,0.140020175073657,0.0344269043367103,0.0593354563755629,0.0457996373524333,0.0205227710830445,0.0806728618413188,0.0176516066320138
"DET,SYM",0.0188656796668428,0.0529233609393558,0.0330931505319968,0.0312852619796781,0.0477953076301145,0.0220045962563242,0.0107085307843371,0.014585182789371,0.5714342589462482,0.0104052258633766,0.0301027206806501,0.0187727511368808,0.0609484325390012,0.0268111624416209,0.0155749154218993,0.0225012242020801,0.0121881570474152
"DET,VERB",0.0235996159454621,0.2144355740103179,0.0206931793628911,0.0089922107378756,0.0322655973644319,0.1974466529002382,0.002218730966686,0.0380801069211621,0.0393847518216889,0.0021863394799739,0.0542246892584991,0.0302000632084689,0.1798411496988355,0.1060075964948494,0.0138338733850666,0.0334066682822513,0.0031831742031948
"DET,X",0.00800281601376,0.081134940675054,0.015607008522578,0.0847498957722188,0.0741468073481116,0.0100307087280509,0.0041547636993513,0.0122222834680184,0.0065911994562621,0.0041183290348726,0.0135967818545805,0.0266260212479441,0.4883982438117655,0.0126366487635623,0.0061472134690953,0.0223564245728907,0.1294798779651616
"INTJ,ADJ",0.0510930357700483,0.1301479805154284,0.0600590307096709,0.0621029311403716,0.164621572693914,0.0546909317645523,0.0119730275808461,0.0449910234115957,0.023221980372793,0.0120105361437739,0.059371441148445,0.0292858211928497,0.1607118495475823,0.0603587511634111,0.0207738934042181,0.040000827296654,0.0145846087206033
"INTJ,ADP",0.0382997176195039,0.0437037827717937,0.0788376302895619,0.0631802868296291,0.0384494819790799,0.1038197227681559,0.0198775300229335,0.0832856705207428,0.0676711332223364,0.0197841124231196,0.1019401602747748,0.0673467699869827,0.0750780920089818,0.0562279942477737,0.0621863437380788,0.0587351428290059,0.0215762038634487
"INTJ,ADV",0.07032453633822,0.1111993814485284,0.0907891986734789,0.079008515878288,0.1097129510660295,0.0719784897688842,0.015561340010435,0.0331427035738685,0.0354324781045739,0.0154306111167681,0.0711769134130024,0.0246134299984869,0.106062888421178,0.0574734061068032,0.0305015721321958,0.058048688968277,0.0195425345508367
"INTJ,AUX",0.0762308448232605,0.0980526886131491,0.0864582808728903,0.052752267184956,0.0581377487938301,0.0933870852065603,0.0183829686519724,0.0558654163736286,0.0766332399964689,0.0183579979849376,0.071778027317177,0.0289621871691367,0.0791161948957946,0.0603847500323901,0.0324250597513018,0.0730305986568476,0.0200442532646945
"INTJ,CCONJ",0.0663952169287876,0.0650029079380113,0.0844832136224203,0.0598777326328941,0.0482348102129627,0.0716805493250285,0.0244937017214365,0.0654257865876757,0.0791686439192479,0.0239695313712456,0.0708407015358298,0.0581113588064237,0.0759048578118853,0.0600584589952925,0.0346955306713276,0.0697688778598749,0.0418879372332397
"INTJ,DET",0.046942133545893,0.0934229278507539,0.0599868990285546,0.0536514814055747,0.0470273591116394,0.0992204203745839,0.0192967877634895,0.0708081044049671,0.0480219682866171,0.019194398954452,0.100778530687504,0.0455800579283472,0.0948048820526688,0.0586129934107987,0.0589367924134897,0.053492649007968,0.0302212788488416
"INTJ,INTJ",0.0313376634324808,0.1130076363302159,0.05638305518837,0.0569026157446181,0.1496491994229541,0.070314380242401,0.0177137607748769,0.0246950961260091,0.0309773302411658,0.0177752954202153,0.0604607793488208,0.0266394991349149,0.1954910267410169,0.0558046824502519,0.0348678286077021,0.037830955189689,0.020147895514415
"INTJ,NOUN",0.0694654115805331,0.1362882303733641,0.0862779924197095,0.054762349441758,0.1317978169381022,0.0504078988068264,0.0128478622097064,0.0298504753811559,0.0415773340848939,0.0128177126750276,0.0611488540306155,0.0293630439684165,0.1363864040982989,0.0600647753816789,0.0253339366291757,0.041637373747557,0.0199716313329285
"INTJ,NUM",0.0275125115272326,0.1301085056016897,0.0380174369932416,0.044612114200741,0.1190980149496744,0.0405764192820555,0.0143641167528613,0.0820917640927721,0.0454571893013433,0.0144793459764378,0.0370704564563041,0.0233810534162627,0.1380476480988967,0.0336683412306264,0.1635453760426461,0.0306316515896778,0.0173373332418092
"INTJ,PART",0.0312838449832419,0.1129482967481645,0.0562938440876431,0.0568727539985005,0.149594409902027,0.0702830968776766,0.0176939959328079,0.0246484647953639,0.0309547923124436,0.0177555194727817,0.0604222052027604,0.0266153698157246,0.1960831292237183,0.0557757756970804,0.0348424017380374,0.0378109985767829,0.0201198025446579
"INTJ,PRON",0.0465734360825091,0.0926156083371964,0.0894755895477485,0.0952294086836681,0.0710631892246493,0.0918198629345776,0.0193992833421714,0.0337690176649529,0.0315632986063753,0.0191051587810039,0.0870496894048805,0.0383330463143763,0.1018801797136564,0.0609421839828502,0.0293007059000568,0.071214990300306,0.020664996343995
"INTJ,PROPN",0.0477738823106516,0.1119507819114123,0.0728727638534622,0.0696688187896874,0.1406114081226412,0.047591256686967,0.0162109868180443,0.0211048783147195,0.0379561187972893,0.0163407737760139,0.0487912540858155,0.0767515977702181,0.1605143965172536,0.0451792862921458,0.0229258495511091,0.0451768572649632,0.0185782313136352
"INTJ,PUNCT",0.0266870075788622,0.0641512776850632,0.1173733466912796,0.0522949063674999,0.0436620184023567,0.1259628200658477,0.0184855682861949,0.0229952869993131,0.0316827948231437,0.0087932969345311,0.1669411876509801,0.0424849365877353,0.1090211041868759,0.0866125093321684,0.018280052369568,0.0430649263659532,0.021506910544377
"INTJ,SCONJ",0.0355871966337874,0.0833063730414311,0.0917583618419614,0.1008244867063599,0.0643190734746304,0.1011179780756538,0.0199618633502934,0.0362412822337764,0.0349938491970379,0.0198749638477074,0.0888246349250204,0.0488624070496952,0.1085148979815774,0.0501363641549059,0.0271583260602288,0.0672233851562566,0.0212941254195612
"INTJ,SYM",0.0247382732962373,0.1438325662176816,0.0456082085834124,0.0470962955056022,0.1090310908225482,0.0643444137422871,0.0139440348432299,0.0196084161406312,0.1066773152465636,0.0138056674768342,0.0403883697387826,0.0299235362343914,0.2210718065168335,0.0363825556781018,0.0267262112188996,0.0400506378776221,0.0167699483006292
"INTJ,VERB",0.0392065150771084,0.1017507255535054,0.0809616452861849,0.0799570884286104,0.074352385819208,0.0727688953121808,0.0127960377074716,0.0485443041279343,0.0577276744127797,0.0127926440841535,0.0974316423216406,0.034839127933455,0.0931479819667152,0.085569046045575,0.0460985129823373,0.0447176969428674,0.0173374781036977
"INTJ,X",0.030263395935217,0.1253869857358595,0.0532730268725358,0.0550499778999539,0.1433310895100791,0.0627716701786688,0.0163499963354237,0.0239412121267095,0.0281130302138499,0.0164611472332241,0.0541692540043832,0.0373623727670997,0.194050556319936,0.0499029211244761,0.0316036159471507,0.0376819895559573,0.0402865994501036
"NOUN,ADJ",0.0097068005725796,0.2989348521003835,0.0112239831078853,0.0294301995969931,0.0749987571763982,0.0011566042526983,3.0462711229075357e-05,0.0011371390924029,0.0002096017637095,3.028099370654545e-05,0.0147284144910136,0.0043837150068324,0.5270492486948115,0.0017528287501162,4.385700906637692e-05,0.0251476146540576,3.563958992435537e-05
"NOUN,ADP",0.0054232472069802,0.0008488780469659,0.0090889089165228,0.0020338381507399,5.690228729093354e-05,0.5628084937774087,3.241729712634039e-05,0.2486018991244796,0.033147460945607,3.2186611707312184e-05,0.044705736125882,0.0460916679396807,0.0062241771699099,0.008532296256379,0.0031249475434887,0.0290117621141938,0.0002351803629178
"NOUN,ADV",0.2445119077329092,0.1645921280018722,0.0482572680379999,0.1899158763093444,0.0062615519221161,0.0043904122360924,0.0002665335938719,0.002791665218325,0.0021708083421277,0.0002655106457174,0.0260218422915128,0.0012836969732702,0.0854216220533701,0.0141290862517541,0.0003548691155933,0.2090402465455095,0.0003249733583019
"NOUN,AUX",0.1470363279986924,0.1444464882709547,0.1025878391990544,0.0218555699850254,0.0006182693330668,0.1348334703016185,0.0002887987199208,0.0225803647072875,0.0069291558534884,0.0002848533728203,0.0297140498377567,0.0081283266653938,0.0176540283877877,0.0405412280715956,0.0003613480563928,0.3218290625704897,0.0003108174141021
"NOUN,CCONJ",0.0091741894620411,0.170384148842212,0.0447485923172235,0.0110560715680081,0.0005973773654045,0.1559190682479914,0.0002737872521735,0.354762658585848,0.0261917194820939,0.0002722612555065,0.0323153915700778,0.0046799672684718,0.0230132757134927,0.0064305881019714,0.0003509077299874,0.1584218421136952,0.0014081521084216
"NOUN,DET",0.0176478392105074,0.0348579632949178,0.01180028438861,0.004562634036532,0.0032406645868226,0.0196634210147069,0.0017210108414203,0.7688850002586421,0.0180493831208056,0.0017129580541773,0.0265653188248742,0.0205176810218156,0.0486407757117436,0.0035946209291108,0.0023812193659395,0.0108440282868407,0.0053151866962523
"NOUN,INTJ",0.0298936439471316,0.1267942331989479,0.0534397885622113,0.065530435061599,0.1395353655968662,0.0557024233127037,0.0170735587091837,0.0236611902503859,0.02978270241433,0.0171150877864937,0.0632416612778087,0.0266387408610296,0.2119104223255113,0.0546843734205587,0.0280726452162335,0.0378895683178126,0.0190333088131426
"NOUN,NOUN",0.03897197427103,0.3560838437509364,0.0360671225698701,0.0196414200030242,0.0784994109036526,0.0037065918508247,0.0011566956356604,0.0056633454662833,0.013204359227154,0.0011458275730736,0.0465970926706574,0.0066386776907253,0.341081861127941,0.0073453194613008,0.0020435925953632,0.0403047286719603,0.0018481026642907
"NOUN,NUM",0.0027953866294188,0.1543689034821566,0.0170853876034976,0.0059341125807035,0.0661743043888363,0.0018619825496661,0.0007492665970836,0.0793118100897311,0.0036769420522423,0.0007503092283362,0.0043965114762336,0.0015203278476783,0.6420687533198407,0.0018607896161277,0.0075435556438053,0.0089800049678098,0.0009216387257672
"NOUN,PART",0.0300614359627485,0.1275677938300121,0.0537093246932451,0.0659407314720242,0.1404145872566418,0.0560522152857042,0.0171771380529005,0.0238008295336975,0.0299665034266914,0.0172189348348905,0.0636352464120681,0.0268025146144405,0.2071065266887323,0.0550263395650574,0.0282451501630034,0.0381261396472889,0.0191477333478708
"NOUN,PRON",0.0039737894834056,0.0050083052652878,0.1063425579048909,0.0939608089959789,0.0010603646299469,0.0429295787976467,0.0003772050549748,0.0010003151051789,0.0004824389464312,0.0003775743960939,0.1158400278056394,0.0058882201612946,0.0239786947256836,0.0009183265088482,0.0004566868763457,0.5969736824091223,0.0004314211021689
"NOUN,PROPN",0.0019125159561222,0.0935170193605213,0.0084091583695588,0.0121404813768031,0.0588363053102844,0.0009047316784929,0.0003548011770258,0.0005024852161181,0.0007157915033081,0.0003522174141246,0.0022611069431118,0.4870897083606574,0.3060118437685932,0.0022192686606521,0.000844376772087,0.0231657735758834,0.0007624101350353
"NOUN,PUNCT",0.0109305532026889,0.1796839177105602,0.0725272190402441,0.0479898732991568,0.0973214698416233,0.1457997467033526,0.0003127064788396,0.041106765268489,0.0550735947473733,6.623500810365389e-05,0.0819881879556633,0.0326912121937205,0.0904632402331836,0.0180919636458277,0.0019996344559326,0.123117930368255,0.0008357495963381
"NOUN,SCONJ",0.0061177969868079,0.0068568943534692,0.1008779895824934,0.0754308298159993,0.0048541295614148,0.2615498502474472,0.0018389620536095,0.0100207456622883,0.0060829278977309,0.0018405567988713,0.1552071079836135,0.0280812430400839,0.1076969183897125,0.0094509321068881,0.0022911897100284,0.2197329993520467,0.0020689152981456
"NOUN,SYM",0.014711238491356,0.0941826722159928,0.0383913403136525,0.0342468350832126,0.0604052957928024,0.0258673613532421,0.0082150410089671,0.0463547269278796,0.1583424571206166,0.0082012372583937,0.0265674889337837,0.0179714076418248,0.4006730125096878,0.0239071956924993,0.0126921340846401,0.0199793957771256,0.0092908925123787
"NOUN,VERB",0.0125570759679457,0.4546073488889484,0.060774649329208,0.0530223884309162,0.0078925862784228,0.1122686022189785,9.660286705542936e-05,0.0478199071777569,0.0218701778685491,9.589677694456673e-05,0.0216545305003853,0.0017875399882526,0.0831950273650238,0.0716890986168159,0.0037716071640418,0.0466376956850739,0.0002592638183191
"NOUN,X",0.0141631377225729,0.0723388805801699,0.0262498315620653,0.0313100252288381,0.0595308691332041,0.0262059216071105,0.0076655323409737,0.0114784248819984,0.0131742167474244,0.007709421974573,0.0278191676654877,0.0182672130925517,0.5593885161676093,0.024457235569829,0.0122492093026439,0.037672118864887,0.0503199882028806
"NUM,ADJ",0.0176010978435545,0.1253090480885354,0.0205034729817804,0.0193522640730458,0.0244651996156474,0.0086996076619547,0.0048322343726793,0.4465889865887088,0.0067661996675992,0.0048497091920021,0.0154107099434508,0.0321683577256415,0.2242478976104966,0.0130206301801622,0.0065443367084574,0.0238365372796336,0.0058036536489148
"NUM,ADP",0.0010494028082233,0.0014909846816276,0.0091497345526326,0.0012582804688654,0.0012122357419545,0.5758375603847172,0.0005735723422808,0.146363145726112,0.1130755873785622,0.0005655902719873,0.0863183012585386,0.0287129931054095,0.0018055749658145,0.0011757776277593,0.0205825775025316,0.0101832478747962,0.000645429771208
"NUM,ADV",0.0776565928836899,0.0422775359491048,0.0430340505751185,0.3663258922329344,0.0358108935727275,0.0222341512675405,0.0093215008218989,0.0162146389025588,0.0178171509768966,0.009323429806345,0.0283981826498864,0.0157032449038286,0.040128347483212,0.0232915586302544,0.0134735302613947,0.2277408941944669,0.0112483141614271
"NUM,AUX",0.1941220355393572,0.0924952323361733,0.056624485578613,0.0180937215129275,0.0184702547076105,0.1007569709633144,0.0057143527062983,0.0172169991543372,0.0197541881705694,0.0059763383797605,0.0213756634004956,0.0100616208190535,0.027098769700788,0.0153958044058299,0.0098809176843295,0.3805077307281674,0.006454855563269
"NUM,CCONJ",0.0093754451079269,0.0358449898678942,0.0093906275831749,0.0241589366004498,0.0072728283707565,0.0365046031879631,0.0033427032876793,0.0403144989666581,0.65446111227835,0.0033153580205881,0.0342538091977566,0.0170862052212995,0.0298760023932531,0.0076870800814158,0.0176646986699846,0.0634422120256561,0.0060088756481636
"NUM,DET",0.0261466462100188,0.0656258408844407,0.0451400948474272,0.0303667195092366,0.0367745716735462,0.0446352252983541,0.013908219544762,0.2102957356096507,0.064739030235711,0.0138785360006649,0.057696292567739,0.1265278828744503,0.0448214436548812,0.0344668909769028,0.133829596651286,0.0281925670012114,0.0229545920591336
"NUM,INTJ",0.0343269353760065,0.1162200274457421,0.0624136321570352,0.0724596712789785,0.1650299738710133,0.0579036640932263,0.0190247143127539,0.023963516481746,0.0346671011178363,0.0195701773616867,0.0538811402376373,0.0237199605708416,0.1801919156888484,0.0483708770733635,0.0313043808126245,0.0356738701644896,0.0212777945610826
"NUM,NOUN",0.0507597591743801,0.3258414474215979,0.0353871479534264,0.0190603988509299,0.0494248152500851,0.0026153846664289,0.0001248657386544,0.0006937391777267,0.0007685445583812,0.000125815815839,0.0121549899088027,0.0007245054703806,0.4652033256640657,0.0018197635418142,0.0005302358166669,0.0345790790925362,0.0001861804183727
"NUM,NUM",0.0061179510692384,0.2338932522162599,0.0197237941016543,0.0358452523609913,0.0139219900936374,0.0070370270104958,0.0013007989371469,0.354731366300912,0.0040631604811223,0.0013229431243054,0.0025219776550664,0.0018708487557094,0.2777645099714526,0.0023120255729596,0.0195790970927064,0.0145952296753524,0.0033987561424322
"NUM,PART",0.0342487612137403,0.1159666839458998,0.0622903195521785,0.0723281185658181,0.1647392802626028,0.0577991397211736,0.0189854123235181,0.0239067293863716,0.0346008048387614,0.0195299483250365,0.0537803585935413,0.0236723735151568,0.1817874818071754,0.0482808136283534,0.0312431307426419,0.0356075036941545,0.0212324944381432
"NUM,PRON",0.0352090589999313,0.0629848479897506,0.1274260209736114,0.0654363441297821,0.0606783802608509,0.0529580848980711,0.0130653990250327,0.0231669695828711,0.0209337725777977,0.0130796205473555,0.0551059272980091,0.0207191795742468,0.0713838965896518,0.0353235273724552,0.0187506682518456,0.3096211323141116,0.0141570101325781
"NUM,PROPN",0.0295079440769653,0.1308402357018499,0.0307778258609809,0.0376379197083138,0.0727629825239051,0.0207977826226935,0.0085400082081649,0.0124256448798173,0.0222280789420767,0.0085728417910924,0.0268616489583017,0.2033584429393374,0.3312544224061121,0.0224560382188645,0.0107812209712103,0.0219840823157173,0.0092126424663536
"NUM,PUNCT",0.0010721927444145,0.1629939998302257,0.0581122336700119,0.0304173694069332,0.0925325654140879,0.1235897201620552,0.0006474893762557,0.0344824093706479,0.0359565264935506,0.0004232136917125,0.0327728889661571,0.0070778298383191,0.3154384101650066,0.0273877469226308,0.0028473929584013,0.0734929121806549,0.0007550971921184
"NUM,SCONJ",0.0374077861788211,0.0943853668052147,0.0956103655200994,0.0982394895009736,0.0835556114114014,0.0819967330683643,0.0183632542908094,0.0335568368569098,0.0346571791384659,0.0185673201741054,0.0866596151506952,0.0370021213087465,0.1263739112505481,0.046846269685108,0.0245620131866845,0.0623146043108653,0.0199012228901507
"NUM,SYM",0.0008483610328854,0.6223392190406085,0.0219119624613315,0.0025509608358246,0.0109151876132977,0.0011013685319806,0.0002072365397215,0.0005652298771206,0.0040276581773544,0.000204429171424,0.0013494196778441,0.0005720139856162,0.3273764284485975,0.0017524762799847,0.0003558848406081,0.0036713717745227,0.0002507872214516
"NUM,VERB",0.0347544096307889,0.2860806870389226,0.07393036925028,0.0370726647571573,0.0441480028448406,0.1765961408244802,0.0034977678697025,0.0930312672268421,0.0420318854065232,0.0035115617536768,0.0204142991990294,0.0081973085835519,0.1022356824416837,0.0307335805868578,0.0103873489985449,0.028435507239831,0.0049414356115801
"NUM,X",0.0300665373962635,0.2405672898823097,0.0500173944302086,0.0634700433561035,0.1363909756494031,0.044954721241494,0.014941991442681,0.0203520566383538,0.0267960009611587,0.0154179330346624,0.0413763198454743,0.0273449016341198,0.1550639926412031,0.0374475846758085,0.024546042201001,0.0331845635259722,0.0380611405477999
"PART,ADJ",0.0534199513824476,0.1304216124283762,0.0598450732794703,0.0622375473711609,0.1614454056522405,0.0548939901297861,0.0120882377842794,0.0455371305551373,0.0231997378680323,0.0121352214809553,0.0587618038309352,0.0293345081039641,0.1618145956825649,0.0591623607404852,0.0209263276134125,0.040070219866087,0.0147055160678041
"PART,ADP",0.03883748676985,0.0434971240813935,0.0780009619340181,0.0612526846391981,0.038281468671075,0.1034343133024571,0.0198544064210301,0.083916045470765,0.0675624781893392,0.0197548528697865,0.1020122110290368,0.0675550262731098,0.077063264236945,0.0559062206902675,0.0625876948772442,0.0589729538781872,0.0215105822101989
"PART,ADV",0.0715105970256887,0.1133058787224903,0.0915781114934213,0.0785282410967019,0.1075135575271055,0.0723048042404415,0.0151601844815542,0.0333159297001958,0.0346892259727784,0.0150230736542686,0.0703699473570702,0.0244113213175066,0.1068054378440038,0.0574805615848336,0.0303351059128561,0.0581232171868775,0.0195444420221749
"PART,AUX",0.0763943151051351,0.0990386860787817,0.0879224996681182,0.0529114450129182,0.0575534974678201,0.0915818505666299,0.0183476328227801,0.0561726769101253,0.0764347369442104,0.0183553152562634,0.0718657591123577,0.0291587543240079,0.0788013841509605,0.0601440419026558,0.0324816979369278,0.0727908447957968,0.0200444705746128
"PART,CCONJ",0.0664398391279403,0.0644118562370132,0.0849359695868562,0.0597923047613054,0.0481180050488069,0.0713028172816898,0.0245032549592835,0.0660143355198364,0.0792974213912133,0.0239467272701163,0.0709163596126342,0.0579492050831645,0.0751364318338573,0.0606253567289398,0.0346827821365709,0.0697475983556356,0.0421795540935811
"PART,DET",0.0474892166730445,0.0917942752685249,0.0595890306048025,0.05374276350343,0.0472453791055209,0.0994527799266901,0.0193805782765927,0.0718232946797936,0.0483184725496113,0.0192646790160672,0.101964117855683,0.0460367695560195,0.0915736321365906,0.0589761761834581,0.0588511211694699,0.0540942172758875,0.0304031567836862
"PART,INTJ",0.0317163031495548,0.1127121929414509,0.0559864128042958,0.0572405435496508,0.1482565972431873,0.0713353817179185,0.017831203416357,0.0249383299629769,0.031102927357615,0.0179019690453818,0.0605367329706557,0.0267230166281026,0.1949648020917204,0.0552623767361857,0.0350729418882082,0.0381386184998425,0.0202783423306977
"PART,NOUN",0.0700933018633774,0.1358544868438508,0.0856800553165152,0.0551744850355966,0.1314511614541041,0.0508849816549395,0.0128916774998758,0.030083964169081,0.0417620346731393,0.0128664252337956,0.0596107763969264,0.0294712830570429,0.1372094892309777,0.0598176519988643,0.0254684840501103,0.0416104444139564,0.0200683947787186
"PART,NUM",0.0277340928980883,0.1277566775464758,0.0377569906454132,0.0449324660546166,0.1189522358846713,0.0416987320132196,0.0144370872403816,0.0826642159510473,0.0455700507412995,0.0145552618330691,0.0370430387565574,0.0234030839384857,0.1380317418884132,0.0334846094711745,0.1637926042673159,0.0307757757352146,0.0174106084426063
"PART,PART",0.0316561994390823,0.1126332108081517,0.0558863628972959,0.0571998846808833,0.1481744053271597,0.07129048359066,0.0178080721742342,0.0248870136229731,0.0310745697109311,0.0178788110120374,0.0604867867740393,0.0266940110981148,0.1957068423267679,0.0552232979861201,0.0350409027483175,0.0381114577114271,0.0202463826803592
"PART,PRON",0.0462384077292552,0.0937611847054084,0.0893706315836539,0.0959967336809566,0.0705445882862641,0.0915339413515074,0.0197197564122909,0.0328251918788866,0.0326393411440729,0.019423904018002,0.0871050191864157,0.0383945351582504,0.1012401232514915,0.0613223643397874,0.0281932665989416,0.0707914203240568,0.020899234389691
"PART,PROPN",0.048334328266196,0.1123572512039114,0.0704179262467799,0.0701509164337834,0.1409711764962167,0.0479750149978276,0.0163875313022719,0.0213392242924074,0.0383535846766959,0.0165216701149758,0.0483424306672265,0.0773315899272579,0.1595473543677064,0.0449688492748911,0.0231715148284722,0.0450279353116715,0.0188008356784436
"PART,PUNCT",0.0495916329479837,0.0762755375401411,0.067584249132797,0.057833573774036,0.0960205394711019,0.0625107017025442,0.0336249454752562,0.0498888601194221,0.0715468120076226,0.0176502888816764,0.0731686795248823,0.0394297028640007,0.0954979882659203,0.0568829321280076,0.0686405927106354,0.0471142955390407,0.0367384531198197
"PART,SCONJ",0.035626552285455,0.0841198840581386,0.0914853096296201,0.1006335904804885,0.0639867663026634,0.1012437833932911,0.0202564448937444,0.0347212350111282,0.0357486262102727,0.0201658843046965,0.0892486148949984,0.0489712892203557,0.1083320260760591,0.0501303781404683,0.0270171611303214,0.0667811283454538,0.0215308937988625
"PART,SYM",0.0244005663140184,0.1442737283787232,0.0439553317563698,0.0461415282876949,0.10534020657137,0.0837369256829694,0.0138789182944517,0.0192807432399736,0.1035358193784348,0.0137430407353091,0.0397708700279704,0.029297010658738,0.2143599844197889,0.0352333955190263,0.0263065229052009,0.0401253723390638,0.0166194016636135
"PART,VERB",0.0395006158016607,0.1022973859113541,0.0803812512723399,0.0809795832986041,0.0741064673398768,0.0729557364349847,0.0128703048401509,0.048881738070728,0.0566959081816976,0.0128715751278355,0.0965224213952884,0.0348943944647479,0.0933240924006916,0.0845970840567783,0.046356690854896,0.0453549277301064,0.0174092210423481
"PART,X",0.0305452137264398,0.1252133860987143,0.0526710526358299,0.0553215339840378,0.14227263032419,0.0636061011787944,0.0164444403032199,0.0241328069124438,0.0282043809630939,0.0165638240983081,0.0541826624364661,0.037537890763034,0.1938142783963265,0.0493745706250499,0.0317594054370675,0.0378237221628843,0.0405309357702205
"PRON,ADJ",0.0108527231881264,0.3758135732875292,0.0306832530968525,0.0481532552897993,0.0502191135966593,0.0100374143175922,0.0008666899882679,0.0183030717449224,0.0022532228367473,0.0008649559227404,0.038014819327816,0.0040618624939948,0.3530967238336315,0.0179520070128478,0.001382760590797,0.0364324732182676,0.0010120687457145
"PRON,ADP",0.0265128182989998,0.0024006251869256,0.0405061084774223,0.0079919959950849,0.0012417305718526,0.5254404763446511,0.0007000419733946,0.1423455169966592,0.0191548876438012,0.0007003493359976,0.1406949412495566,0.0397562183091392,0.0043796959230564,0.0072441679514142,0.0013755510749697,0.038792163719339,0.0007627084908733
"PRON,ADV",0.065441297707764,0.036311998543683,0.0433783950246032,0.2187180489547024,0.0059178452084945,0.0146564489555362,0.000514394595768,0.001905809704276,0.0010622839200742,0.0005127195467235,0.072595189906253,0.0008402459699952,0.0511951742199147,0.0043362004141293,0.0027107880917533,0.4792831018046231,0.0006200553274682
"PRON,AUX",0.0938112116997116,0.0749778136470024,0.0644235707371399,0.0204788937664956,0.0062577658992603,0.250874857586242,0.000584855552891,0.0379896053460433,0.0100291413374883,0.0005835346365149,0.0378461475941057,0.0036361958795123,0.0236087575495316,0.0093991600115129,0.0007641834546638,0.3641045451220012,0.0006297581559269
"PRON,CCONJ",0.0139592976723172,0.1515124918055432,0.1088718300135846,0.0130741026599261,0.0124430401761598,0.3158816627026013,0.0057995914815221,0.0135069919717331,0.0137761756709202,0.0058495635570388,0.1669892181808668,0.0260724701454327,0.046176972630248,0.0131657437402069,0.0074538756433011,0.0756345938438114,0.0098323592087942
"PRON,DET",0.0314008524001734,0.0169450402269768,0.0028128091998176,0.008501639598813,0.0027760131796766,0.031992362180916,0.0016980133280417,0.6819424972315393,0.0034003127540403,0.0016806541095473,0.0142700586919352,0.1326484458785428,0.043757316479106,0.004878331455036,0.0022239214960385,0.0142235704662393,0.0048481570454336
"PRON,INTJ",0.0341547018322064,0.1121962898026288,0.0800283443093208,0.0677161226349481,0.0983266868473761,0.0915701399092461,0.0202706122329121,0.0300561462797135,0.035829767303005,0.0202453126600986,0.0697369570171437,0.0298380325606999,0.1595981932557833,0.0529254264215371,0.0330897051918175,0.0424682887433259,0.0219489882351994
"PRON,NOUN",0.0903479268214902,0.337930009799661,0.0745548371246611,0.0169521650645641,0.0566632306106359,0.0200139496096171,0.0044573980345608,0.010849687989937,0.0125701791948419,0.0043475147190872,0.0461432396906315,0.0081588483896628,0.2170921693511884,0.0166324457577826,0.006970215524918,0.0703252399998864,0.005990884679946
"PRON,NUM",0.0326116151269659,0.1135647505950691,0.058696983549609,0.0513906415516146,0.0668968460950815,0.056419571788965,0.0165540328268375,0.0762705335283303,0.039573355041748,0.0165409960705433,0.0508950145139899,0.0252522878350407,0.1144264229390984,0.0362542660889721,0.1909019261215923,0.0337445358688409,0.0200060411766684
"PRON,PART",0.034529887994379,0.1134620329836325,0.080926253442917,0.0682242707628531,0.0994416260234534,0.0926122966018072,0.0204904665306536,0.0303534047995581,0.0362308461214068,0.0204650869133396,0.0705247583202401,0.0301675166588992,0.1504567116724997,0.0535210434421927,0.0334571475913964,0.0429479372276416,0.0221884252677192
"PRON,PRON",0.0018048837891931,0.0249383448761793,0.0894270057811319,0.1010944596801679,0.0035199233374517,0.0843144218264647,0.0004581982397364,0.0054102890156186,0.0006535395484341,0.0004568448115458,0.1278801414475497,0.0039130047383257,0.0311577713346139,0.0010555862123778,0.0005833786377383,0.522837203195235,0.0004950020469106
"PRON,PROPN",0.0156496340070898,0.0344556330078147,0.0262523057784414,0.0730573718098204,0.1069813876645669,0.0232649871997959,0.0069545545729358,0.0085541667025838,0.0142132077311519,0.0068897077345751,0.0249548981249187,0.1599599517934159,0.1278163143719002,0.0170188003307936,0.0090055935054605,0.3375901318917867,0.0073812852097714
"PRON,PUNCT",0.0147972605106537,0.1635404351324396,0.1094615330159484,0.0437911544279545,0.0913394148630107,0.2184596667153779,0.0013772498865156,0.0186066755192277,0.0093367489454858,0.0006537778727813,0.079004032126877,0.0148812216844349,0.0768835417203827,0.0228951120567801,0.0014836934526878,0.1320478270114111,0.0014406531842408
"PRON,SCONJ",0.006870389078434,0.0173229053759187,0.1841313707886754,0.017618453060947,0.0112943058637371,0.4260830775222686,0.0041657834610137,0.0119262528168772,0.0136809758204952,0.0041929618159878,0.1471993058091966,0.0143175006800229,0.0176624582993862,0.0109305179195726,0.0054875583874766,0.1027190703565291,0.0043970869260254
"PRON,SYM",0.0260367732867823,0.1234740495958577,0.0615619824790678,0.0478374513366394,0.0722708488788215,0.0612578661488538,0.015151171469123,0.0226510343722919,0.2223680230519835,0.0150635618637347,0.0487865755352478,0.0262405262366454,0.1395073724151289,0.0376960978738763,0.0239076908020892,0.0399337134574052,0.0162550701559114
"PRON,VERB",0.0141330454062587,0.3498092952321485,0.0737348086704589,0.0233571166996343,0.0119858469618844,0.1788620055581778,9.360843754363175e-05,0.05516206141624,0.0099906791029572,9.296162373930845e-05,0.0249049266458991,0.0045577289880143,0.1515715298276702,0.0419315440330107,0.0005156509842156,0.0590488057078789,0.000248384190604
"PRON,X",0.0334326721463878,0.1266848749611437,0.0745499522147375,0.0644561571396116,0.1019414580914591,0.0851890156887474,0.0189990965279965,0.029814644804792,0.0334453213802512,0.0189956042478929,0.064944418509851,0.0369960408797826,0.1520502659607495,0.0492938169546041,0.0309200785116198,0.0448521513059967,0.0334341640338751
"PROPN,ADJ",0.0145182833488209,0.1512178995594011,0.0108041197184001,0.0121389606511744,0.1148760034700061,0.0073752424719573,0.0022160659157204,0.0147595614575257,0.0042354660730504,0.002219915913019,0.008267489104924,0.0060972701111246,0.5216781220320109,0.0088321250654303,0.0031981501955744,0.1148018574669084,0.002763421871111
"PROPN,ADP",0.0008773742905066,0.0006207790757514,0.0092217265971594,0.0024318935865418,0.0005069799686182,0.5580925613928762,0.0002556305110888,0.0682196159417536,0.0496527577152911,0.0002562782858671,0.0095065389172369,0.2427900347986755,0.011164941176725,0.002431499674481,0.0006243764769569,0.042157948559725,0.001189061535546
"PROPN,ADV",0.012619847873234,0.0624055510298012,0.0910705573802941,0.2629843622288487,0.0032755266394023,0.0058592087302576,0.0009424042299971,0.0016345126671682,0.0022322703323631,0.0009389661159889,0.0485819304337432,0.0014813028732026,0.0242991923496714,0.0064123836308682,0.0013192605697663,0.4728057685994722,0.0011369472872006
"PROPN,AUX",0.0709963685476291,0.103413201997554,0.1162344365060482,0.0144025744327283,0.0021248779209468,0.2061127449217397,0.0007261433963354,0.0508407842574113,0.0295638294819102,0.0007251845309949,0.0320242539851743,0.0025426742275412,0.0127466125792691,0.0048417928772577,0.0010277236387543,0.3508569034940036,0.0008198882130454
"PROPN,CCONJ",0.0017080501720344,0.1568800616531623,0.0292462725151279,0.0057075887923805,0.002686357261896,0.1614664309249317,0.0006362350193424,0.0280678374733084,0.009890430464611,0.0006273703599189,0.0179834097476625,0.481809983197152,0.0138770938853974,0.0056107939017857,0.0007976950025056,0.0818540901215291,0.0011502969195216
"PROPN,DET",0.0262339314647756,0.0240457442557727,0.0240775964598444,0.0127555771519043,0.0159550111022583,0.0567712321429931,0.0067052430007664,0.6820644541012295,0.0130002950545119,0.0067665970964907,0.0294483216212177,0.0162726492884069,0.0244156493256837,0.0150807849171181,0.0126665876499078,0.0208237890581009,0.0129164730651457
"PROPN,INTJ",0.0263050351479368,0.1045792311324381,0.0615955689612702,0.0638018017147959,0.130458670419356,0.0673935221018589,0.0190978028496359,0.0262729444719628,0.035795343642242,0.0192775752292809,0.0588252679502206,0.0328052219865245,0.2079522855684223,0.0508953636638682,0.0299912453820827,0.0429767900657551,0.0219755896917383
"PROPN,NOUN",0.0800301977313209,0.2194240175547498,0.0541542273098333,0.0367603135703396,0.1471454688139887,0.0304265497861868,0.0086294118345726,0.0200098606668487,0.1092535557542951,0.0086396922486114,0.0773641455886886,0.0238569655370667,0.0917333111635707,0.0351978834794503,0.0153402030330985,0.0282273184001151,0.0138065197153247
"PROPN,NUM",0.0087844761676055,0.1017249543575644,0.0345932598708571,0.0162252274545731,0.1521515644730288,0.0152671961569027,0.0064398184619262,0.1523383481656977,0.0301460601580471,0.0065510277641632,0.0137496877398555,0.0103759865704717,0.3842095860585324,0.0116092812230231,0.0350895870422425,0.0130793303370473,0.0076644881689226
"PROPN,PART",0.0262587502853005,0.1044158451576965,0.0614992249533739,0.0637271182827698,0.1303139378821129,0.0673181612938742,0.0190707761473147,0.02622998891355,0.0357507477601652,0.0192503681100045,0.0587551392879358,0.0327631255225061,0.2089887390459219,0.0508346123581495,0.0299520065207547,0.0429267056500971,0.0219440145462949
"PROPN,PRON",0.0128179278114687,0.0103563116377169,0.0235570623171656,0.0321445134343513,0.0103427153326562,0.0366150115703909,0.0032396904366781,0.0060471930656573,0.0047083751720609,0.0031703743258816,0.0275484059891131,0.0184973810148498,0.0554022045871248,0.0084934899248678,0.0046958057623863,0.7388600721662661,0.0035034415115839
"PROPN,PROPN",0.0007567455050591,0.0826379617024857,0.0124527854203126,0.0219074294867207,0.0670094711091671,0.0013853467051351,5.68606642351749e-05,0.0003308178015558,0.0008957852547769,5.7134512486929066e-05,0.003543960067982,0.1028745129806056,0.6638736079139723,0.0004684254488801,6.391580323235872e-05,0.0416219384893617,6.33002788427011e-05
"PROPN,PUNCT",0.0079298931704018,0.1708230315440776,0.0619054068612616,0.0295762178374786,0.057102558613282,0.0773510852621441,0.0003533873695829,0.0759096147327567,0.0588235919346539,0.0001031426755381,0.0695647861201841,0.1167976398779884,0.1843139497648621,0.0087434843825357,0.0017103107636616,0.078573607891588,0.0004182906869566
"PROPN,SCONJ",0.0080336231678947,0.0203898627065451,0.1029150843190336,0.0867795821403906,0.0147070411653915,0.1444557823363567,0.0054460480468994,0.0213685724780271,0.0084732941732665,0.0054569427266558,0.1683008008694377,0.031317652449584,0.0969431674782932,0.0300835554333045,0.0067960687232606,0.2426335561763528,0.0058993182608901
"PROPN,SYM",0.0210005805161412,0.1228156739505926,0.061123362350759,0.0460498826768515,0.092071981324375,0.0445892635389981,0.0134331540157281,0.0190267433088165,0.0780898103053578,0.0134872012865681,0.0398084130175813,0.1606635319887691,0.1790593002804285,0.035005466892349,0.0211688338549642,0.0366037981490684,0.0160026018192235
"PROPN,VERB",0.0082697566570884,0.279891032117223,0.0559969172378116,0.0210638501345613,0.0083358855614728,0.2218817219448464,0.0002219791516162,0.0766387151663341,0.0211788599746808,0.0002227185302811,0.023912191898774,0.0081618913891983,0.0518747954151622,0.1443287636507044,0.0056011849177342,0.0721187085055731,0.0003010251919301
"PROPN,X",0.0233075765501282,0.1064006948892245,0.0527290697530644,0.0572012291909204,0.1194311866755058,0.0544677776746974,0.01607503351476,0.0235992531575408,0.0289936692568512,0.0164257544689786,0.0472743482866141,0.0834599013265717,0.1829030998655171,0.041003578250851,0.0247567695560475,0.039470640250176,0.0824998539925823
"PUNCT,ADJ",0.004552533332299,0.161622516368765,0.0062416532524106,0.010185827798318,0.1915042836423676,0.0048281131815999,0.0006535642718797,0.1463289988676534,0.002499672078342,0.0006681244584211,0.0038903155762262,0.002082738023161,0.4528692122258005,0.0057380518348392,0.0011475246598502,0.0043246644539858,0.0008621991863872
"PUNCT,ADP",0.0074019473174644,0.0039543387827465,0.0218169120488585,0.0077503505536347,0.0005512775277048,0.5095765359151854,0.000154530478277,0.2060792876955958,0.0659473575442492,0.0001526066959056,0.0646349142955249,0.0436039954310508,0.006489218630568,0.0119716941699526,0.0142466210715854,0.0351582238390104,0.000510187494187
"PUNCT,ADV",0.0370178581921648,0.2396142066184051,0.0675721839247357,0.1016151069132521,0.0050555349866625,0.0374843661558004,0.0002658619448371,0.0055288564580374,0.0127101217383318,0.0002683615894723,0.0543417015078744,0.0028709060392521,0.1723930631881036,0.0543729266496289,0.0004270069486186,0.2081194147807314,0.0003425212446514
"PUNCT,AUX",0.2011013058138657,0.1228784846918911,0.0731951609188489,0.0142815571309047,0.0020510088962798,0.2061714089004832,0.0006878962569241,0.0165063708440892,0.0353180654502785,0.0006818459832892,0.0490145098883584,0.0071900119116907,0.0274246628753882,0.0275541877468287,0.0010152858713717,0.2141835750710831,0.0007446596078259
"PUNCT,CCONJ",0.0132194677924917,0.1126283356178081,0.1572558748085568,0.0582805083455145,0.0041734909274991,0.1991355620076354,0.0003563066886729,0.0153977628933979,0.0124576644637393,0.0003548784780707,0.0978241623672367,0.0266707464289815,0.1537027194096716,0.0133224770888345,0.0004922314434665,0.1329697563087866,0.0017580539117152
"PUNCT,DET",0.0246610324033354,0.0022273229881192,0.0037873517421166,0.0005535713153033,0.0017008363261446,0.019571395008898,0.0002906175030117,0.7705399933200352,0.0126720583531155,0.0002898572420435,0.0192781306022783,0.1279005080219004,0.0127643123159796,0.001508782622915,0.0003868862008057,0.0003934534360896,0.0014738898954892
"PUNCT,INTJ",0.0072491430648389,0.0250439593379813,0.0158257654177672,0.0097171086891617,0.0397195721324083,0.0181254440948718,0.0043082775378658,0.0059032842340015,0.0080118661875556,0.0043176178223072,0.0160267207018691,0.0070764448162809,0.801962163856852,0.0118068804064684,0.010960423396209,0.00867364380284,0.0052716284503599
"PUNCT,NOUN",0.1109294229910539,0.4683667296944607,0.0176745884834782,0.0021946319284434,0.1698202164512633,0.0004981253788337,0.0001649293271672,0.0019736624031983,0.013875271643244,0.0001671771716252,0.0106122142846236,0.0035720449795373,0.1839497213047223,0.0005756559078322,0.0003627711310797,0.0149151934180495,0.0003476415708632
"PUNCT,NUM",0.0009417204101918,0.0846043595076704,0.002103668310018,0.0010953273203502,0.012876186117148,0.0007307761861131,0.0002894667005655,0.0890221071121181,0.0016126446014761,0.00029027898763,0.000651162589643,0.0009948198343511,0.7307360869487369,0.0005370678785835,0.0692960597948126,0.0038889241236349,0.0003293413003822
"PUNCT,PART",0.0288475168845093,0.1043052137144448,0.0608687621289838,0.03870845086601,0.1766702414691943,0.0652892918344049,0.0167469164265102,0.0229979990525853,0.0305954384221526,0.0168167669359288,0.0638371636472395,0.0267889012905303,0.190474827141521,0.0473031355858101,0.0557613404417357,0.0331361878969833,0.0208516135188451
"PUNCT,PRON",0.0107407475794912,0.0716811091644548,0.1228581729286966,0.1380538392093356,0.0100484846332682,0.0136732359526953,0.0003332037176982,0.0011145021186044,0.0004886244617669,0.000331677145658,0.118097997650023,0.0019883328049168,0.0208924792419001,0.0010873811447283,0.0004452560147327,0.4878083207687961,0.000356634278841
"PUNCT,PROPN",0.0015693728149549,0.0735446628530241,0.0199790174328509,0.0166536135684546,0.0882003957270645,0.0004794803601793,0.0002040882357095,0.0002365999947442,0.0010293290724166,0.0002057763933153,0.0042047141167768,0.3634646918737257,0.3567844894880645,0.00046811586796,0.0003006762908513,0.0724218542011614,0.0002531200939323
"PUNCT,PUNCT",0.0054756218527078,0.1322721150832529,0.0389568485102265,0.0232936812193531,0.0384346615175873,0.0737568046075845,0.0049672402722573,0.0181592725647711,0.0429129288441692,0.0003178191365421,0.0870890687437031,0.059365667892813,0.095694698766159,0.0132468120890717,0.0016416805008114,0.3628316372369535,0.0015834400846344
"PUNCT,SCONJ",0.0073132245648709,0.0269296596754888,0.1050238011944083,0.1009738365954584,0.004280647871572,0.3471574814768901,0.0010439599387485,0.0067752304498256,0.0017818370040468,0.0010292773106808,0.1316952427577954,0.0200512455301523,0.0181644231663456,0.0201328166011246,0.0014987344592332,0.2050510902828552,0.0010974865893801
"PUNCT,SYM",0.0063798153327742,0.0249091404125072,0.009964426563301,0.0070067872577673,0.0275552316689506,0.0114541167894868,0.0040181249475574,0.0052279086781291,0.6825852138716556,0.004061557686906,0.0105401365445664,0.0086419582202184,0.1698049296513694,0.0077802396456958,0.0080799079810659,0.007290915290311,0.0046995539851491
"PUNCT,VERB",0.0096159854019165,0.2369354913945,0.0368532919139985,0.0109050246298464,0.0067409383440929,0.2160191085071967,0.0001134571321979,0.0548813368097568,0.0217559356172594,0.0001123885271714,0.0792325575401609,0.1187236553566332,0.1235348790386249,0.0549678885134348,0.0035587721871166,0.0258891692286778,0.0001601191829894
"PUNCT,X",0.0039071242836961,0.015354447757486,0.0085289133541622,0.0056544336106002,0.0189722901598224,0.0101346993254114,0.0022237028373652,0.0031069468415863,0.0040541289224009,0.0022303127061949,0.006465343534026,0.0066356925068011,0.7903230328743978,0.0047928551803028,0.005130124209415,0.0040884617001552,0.1083974624198167
"SCONJ,ADJ",0.0159173086811946,0.1299380880811037,0.0258021897782637,0.0214987110125274,0.0744514752859928,0.1158642193563595,0.0051049074402551,0.0949150308785166,0.0113912552135668,0.0050915448857202,0.0311581757652089,0.0106305715925826,0.3759501999065011,0.0529463991865871,0.0077824299634198,0.0156713017303001,0.0058860837077813
"SCONJ,ADP",0.0304083452813291,0.0176489489538437,0.0385924886183854,0.0121382937606546,0.0095014434932497,0.5090680375449627,0.0055062599533859,0.1387576932401032,0.0411090380872357,0.0055086016642543,0.0969967296201497,0.0276226331359002,0.0169961806781844,0.0126835079289885,0.0106034841326324,0.0213388199638228,0.0055194679412947
"SCONJ,ADV",0.0231304271892031,0.0534068093629798,0.031469253068732,0.2069477900364321,0.0153928601096114,0.0685368697061934,0.0010196262415531,0.0084771538605335,0.0085406187188619,0.0010081784125763,0.0344366319912914,0.0030170975724838,0.0263206997735273,0.00309504644175,0.0014379133566109,0.5125841746235079,0.0011788427899807
"SCONJ,AUX",0.1920584880732707,0.1084301818295212,0.1466444506247335,0.0124282396662827,0.0043381104694907,0.1521869134444128,0.0015463428946632,0.022326196211194,0.0087115089952002,0.0015126307313154,0.0498047449693979,0.0087977815992946,0.0462048825965953,0.0090450907830483,0.0021057808694967,0.2322745126222574,0.0015841349716603
"SCONJ,CCONJ",0.0529180619516837,0.0777377393141409,0.1487612640021855,0.0578310637085321,0.0461087083982687,0.0732248761537257,0.020540940350319,0.0518443211329593,0.0582941710389761,0.0201523892389063,0.0945615159580312,0.047033507380111,0.0708357110688663,0.0622541945033907,0.0280015463000479,0.0576166017060721,0.0322832756078412
"SCONJ,DET",0.0295968749493455,0.003913358993884,0.0007727617794169,0.001037967670009,0.0016783743486741,0.0111313913491539,0.0005487112618349,0.8307339256396722,0.005945733983151,0.0005457858904028,0.0079967654736634,0.0866437670409749,0.015416106723348,0.001023899300235,0.0009149477184019,0.000741589248919,0.0013580368588001
"SCONJ,INTJ",0.0327243351443303,0.1147529118800182,0.0735455143931171,0.0666239268887307,0.1050150392414144,0.0968558026246483,0.0194591745747896,0.0309629286346086,0.0356767187383828,0.0193198927963663,0.0753719679873573,0.0291548016636681,0.1540994026245468,0.0506411818941588,0.0325201855764603,0.0424143663109478,0.0208614293144613
"SCONJ,NOUN",0.1595170274670057,0.3713547891555205,0.0558812278267844,0.0366958235736747,0.0533756299167953,0.0112109766507747,0.0033410574001033,0.0063367376739188,0.0068798327493312,0.0032947712776063,0.0645020225809061,0.0045852785186587,0.1292505474699826,0.0108972725299573,0.0046490687854612,0.0742569598577125,0.0039709205989273
"SCONJ,NUM",0.0157569570663865,0.3422559332359258,0.0278472220671164,0.0532497557532438,0.0398533681487557,0.0291817769284719,0.0083311895683435,0.2287708953581715,0.0208671748829368,0.0083202696284028,0.0279395809001056,0.0120606994906027,0.053326799257732,0.0183165969955663,0.0862902529022664,0.0176316274954145,0.0099997721698775
"SCONJ,PART",0.0329017029900101,0.1154405300125277,0.0739655072470761,0.0666718495844622,0.1056459516379628,0.097443107003627,0.0195593891450029,0.0310491444629228,0.0358779721377553,0.0194196059819278,0.0758146173202034,0.029293857559464,0.1496453764635069,0.0509336767751603,0.0327031728239282,0.0426660039966109,0.0209681131119537
"SCONJ,PRON",0.0081734631330828,0.0304373751433529,0.20388757490638,0.1942699418535347,0.0031930677042618,0.0039883084468522,0.0010644974869349,0.0014787051706307,0.0017509063494101,0.0010606920781043,0.0411964505959173,0.0015793917992164,0.0403682088000523,0.0023629499791629,0.0013892593789058,0.4626636547347035,0.0011355473782288
"SCONJ,PROPN",0.0050697909687979,0.010557907690846,0.0490674594678557,0.1397138428182304,0.1280997573060983,0.0076798923065441,0.0023915314607894,0.0029676703239029,0.0046155335539509,0.0023882734167559,0.0572924658827525,0.183927353131002,0.0798462587906162,0.0063669546480933,0.003104534876147,0.3143268610269668,0.0025838854772783
"SCONJ,PUNCT",0.0125668684649975,0.5102978849817719,0.1630663159661273,0.0175171028996902,0.0205480727899461,0.0593981266623726,0.0047852441382443,0.0189662336136508,0.0093333783174887,0.0019987313148071,0.0339798208691014,0.0046762684977674,0.0091902113081629,0.0869769682587793,0.0055717467198986,0.0361647346331999,0.0049622741274562
"SCONJ,SCONJ",0.0103112147317737,0.026542097011496,0.0757000419256264,0.1564015730828131,0.0179070663937563,0.366798474816494,0.006036964861271,0.010225020797217,0.0118095158403675,0.0060186153212291,0.1476446723011005,0.009973212707941,0.0290417241553821,0.013944936081269,0.0084881275750622,0.096829656295522,0.0063270320875373
"SCONJ,SYM",0.0285120499400262,0.1481682467854508,0.0621747397813473,0.0551061219683859,0.0900651232629067,0.0757786996821113,0.0164064276815966,0.0259784636751817,0.0962736510637344,0.0162170759869845,0.0592650218686331,0.0299760232576655,0.161022863319744,0.0411625849228637,0.0268918777086438,0.0492054790345861,0.017795239342999
"SCONJ,VERB",0.0117092832291619,0.2290629078643635,0.0441459811806074,0.0067061562725923,0.011702250706266,0.3673253568201013,0.0004842550133264,0.0796926134168408,0.0257426209776091,0.0004846666144101,0.0529055362046816,0.0070416242733759,0.0612737145982811,0.038155816251237,0.0015006362018392,0.061409086466544,0.0006574891709152
"SCONJ,X",0.0323529202555647,0.1287140216279417,0.0695515500352518,0.0639953502598261,0.1022718155778927,0.0904916250033335,0.0184081201219476,0.0306172200327964,0.0335105787262981,0.01828928364202,0.0705062270435042,0.0371196223568979,0.1478024478471163,0.0474316593210073,0.0306044310394165,0.0451521476778824,0.0331805849396397
"SYM,ADJ",0.0389208726070412,0.1336759040612409,0.0443098032869951,0.0415370513416533,0.1231391266671725,0.0446964669580914,0.0089014777999633,0.0663435443625691,0.0208415118138607,0.0089214431978326,0.039616982542601,0.0207063401166458,0.3115967122609509,0.0419004150388661,0.0161009693219431,0.0276234174376295,0.011167440829742
"SYM,ADP",0.0036827819167486,0.0022439400533521,0.0324722926628476,0.0013477301880591,0.0018743850603014,0.7235502417379643,0.0008816621375467,0.1164035956977055,0.0988533500998909,0.0008706944304592,0.006872073009721,0.0020976080362928,0.0015419623676591,0.0014730498122863,0.001974096576493,0.0019117774929048,0.0019487519061203
"SYM,ADV",0.2771709289677805,0.1474324340741326,0.1209371895587174,0.0465033445183888,0.0435411047349884,0.0349588564854843,0.0101937171585271,0.0272635699256546,0.0340003987141824,0.0101487785698315,0.0466504855047796,0.0183228784361161,0.0503755807107804,0.0247116963019167,0.0151994526189834,0.0760847702889444,0.0165046927285695
"SYM,AUX",0.1951939141117295,0.0986975820706832,0.0629302798305606,0.0379966956668005,0.0545639676214931,0.0685691994669588,0.0147847124160449,0.0646799626486394,0.0668030515106794,0.0162150959974944,0.05651429049063,0.0266395383074623,0.0831672777468155,0.0444073335178537,0.0314186734731405,0.0609278146953925,0.0164903253658951
"SYM,CCONJ",0.0445912319142376,0.1865754021751133,0.0478273484705572,0.0386613596409959,0.0376348172928929,0.0500086458131888,0.0189357466667106,0.0495489651507822,0.2296534718063645,0.0186464783365344,0.0437028496512333,0.0377660174341544,0.0585278522776697,0.0380496108387575,0.0255138310227179,0.0440427740401441,0.0303134819163172
"SYM,DET",0.0381871078614096,0.0811659893301514,0.1278446831853628,0.0463402440489901,0.047014220823361,0.0849205726682429,0.0178533134817853,0.0681603712639981,0.0493769798782521,0.0177698698051127,0.0853704451542502,0.0932576846155738,0.0759426281990924,0.049927198644494,0.0479537955021619,0.0414604567479032,0.0274541966652864
"SYM,INTJ",0.0250040055246513,0.122260371169637,0.0424321524097311,0.0422748289155586,0.1540564406724852,0.0866381682172704,0.014553245024305,0.0396088162281074,0.0378825324525411,0.0146073933073437,0.045331733276824,0.0207905336666788,0.2382220550946528,0.042014476593627,0.0291453008880442,0.0282262267837621,0.0169508034125891
"SYM,NOUN",0.0449544441025783,0.1075236774271592,0.0528075374020155,0.0353180173203771,0.0877096878670875,0.033332110380673,0.0084406822519245,0.0359292724089891,0.0424079867932644,0.0084415586857537,0.0369745794211807,0.018666461445092,0.3370228720313927,0.0748501378901603,0.0351724730020926,0.0267165081244091,0.0137314019649053
"SYM,NUM",0.0006068373967951,0.0954524933144604,0.0006243337556328,0.0011239685400687,0.017414224722153,0.0079112957941712,0.0003955981688092,0.4203153541499801,0.1168784766561964,0.000394590484362,0.0007272753087752,0.0004845381746989,0.3241690790439507,0.0005907614520511,0.0104089664939372,0.001988676105322,0.000513524801466
"SYM,PART",0.0251769966682348,0.1232089327739817,0.0427342608214144,0.042606149733,0.155296387080087,0.0873329351950187,0.0146601557692092,0.03990012045812,0.0381795019132093,0.0147147481183947,0.0456830331079469,0.0209467689089888,0.232326210021112,0.0423437569906653,0.029369935981523,0.0284471773921759,0.0170720064427626
"SYM,PRON",0.042585406449728,0.0972505728814517,0.0779306143524472,0.0808405611865717,0.0804524256531043,0.0817377055484748,0.0208048973595839,0.041368840392818,0.0327009368501209,0.0205848495928279,0.0787232278591066,0.0336196455869786,0.1121297019858947,0.0605099708920895,0.0301475423752574,0.0868400493112631,0.0217727621524712
"SYM,PROPN",0.040759131428448,0.1550638989762769,0.0302103711332329,0.0325566100676737,0.0754694333847823,0.0324859336734637,0.0086435209569464,0.0178047717885658,0.0345461414262245,0.0093106261959301,0.0243475065284663,0.0427894441499623,0.4272505520214116,0.0212006029137683,0.0146112757969581,0.0231274256699671,0.0098223304726052
"SYM,PUNCT",0.0082782725393121,0.1956237946000164,0.0676020777185503,0.0278102164121321,0.2517648951967364,0.012997589543764,0.0086095146386616,0.0088004673371525,0.0432999450173542,0.0060341463231574,0.0200249990674807,0.0069039811417414,0.2179104566438313,0.0305348781227545,0.0144090142920966,0.0706300789892602,0.008765653095565
"SYM,SCONJ",0.0298469921469882,0.0900231530637367,0.0719762414435223,0.0803004826720631,0.0709077260793401,0.0815527842755501,0.0190683625532424,0.0428468749013927,0.0376063063003133,0.0190120169193678,0.0766189607999406,0.0386195943803073,0.1246994805021955,0.0434046669653345,0.025036269701577,0.1283741284645571,0.0201056287199498
"SYM,SYM",0.0204377297935652,0.1730137777402642,0.0381146665367867,0.0362227502958822,0.1171800190589376,0.0688664201030822,0.01119892812193,0.0327847791037602,0.1068245643572664,0.0111536237186719,0.0341972534414102,0.0236030797188136,0.2298882838061655,0.030287769133191,0.0213530812552142,0.031613066366179,0.0132596735661352
"SYM,VERB",0.0215359207435696,0.2931535945601647,0.0409183650684415,0.0356200587877884,0.0429738908356935,0.0824504294311819,0.0065406976517,0.0374850259859805,0.0310795208477998,0.0065768754740559,0.0455905892745366,0.0171801714668837,0.2434065808447892,0.0391431061915343,0.025314639248189,0.0219444670225507,0.0090857524875299
"SYM,X",0.0246969599057494,0.1453190423725385,0.0393786668751173,0.0405975244013123,0.1454113086361993,0.0776170132390397,0.0134745397329635,0.0408400309086929,0.0343463048890819,0.0135733160548324,0.0409697649770833,0.0297564869199616,0.2242905166376417,0.0378405976853992,0.0265199615585431,0.0295453494582691,0.035821793389064
"VERB,ADJ",0.003841003300434,0.2263107497035659,0.0092796009029807,0.0037490753298313,0.0645548764661171,0.0156600630620337,0.0004711608716311,0.23339014435439,0.003497894128616,0.0004693427911364,0.0019182631988719,0.0009605274361178,0.4027805140229791,0.0254183402291552,0.0009258853344112,0.0061960080276803,0.0005765409051173
"VERB,ADP",0.0070739390256782,0.0006491829219121,0.0172285855939324,0.011945557535431,0.0002948245623279,0.5765186033499479,6.725355775634723e-05,0.1593644156545064,0.0332397456421476,6.692095009978184e-05,0.0540973630937831,0.0300443087057912,0.0070010142773855,0.0039547716210311,0.0064817575403022,0.0918363718147437,0.0001353838209583
"VERB,ADV",0.0396576375573977,0.3903289242214584,0.0752658874465966,0.0183317422674437,0.0346124279489385,0.1127436721711945,0.000198270611835,0.0191941970161161,0.0486387412740459,0.0001950727485952,0.0213158692475285,0.0013445689820685,0.1527529551387606,0.0402145063650761,0.001739172796201,0.0432135561886752,0.000252796043911
"VERB,AUX",0.1175502728165146,0.0533998716032306,0.0598467513818447,0.0157891522898134,0.0023305706806281,0.1468845362243295,0.0010785051066111,0.0460599338666513,0.0033902210449416,0.0010684362342602,0.0178277793383589,0.0030285189467426,0.0370612602553268,0.0216643762372029,0.0016354127704843,0.4702747474596377,0.0011096483322652
"VERB,CCONJ",0.0045202805631121,0.0726049048394739,0.1842635646013584,0.042215084888378,0.0106930237745404,0.0530108953243696,0.0017199816643384,0.0166845783838393,0.019796918645519,0.0017099915492196,0.0865518754815063,0.008498988964314,0.0553016909985993,0.0195176697667353,0.002279549316404,0.4177232035035816,0.0029077884941361
"VERB,DET",0.0320571259924596,0.0005206050018414,0.0027790445032025,0.0003569768421508,0.0008856894098764,0.0334049052039002,0.0001048869890319,0.8777664926974048,0.0076836049062471,0.0001043468996988,0.0037170077799748,0.0278919828206906,0.0095540866734234,0.0004727368347449,0.0010968479743362,0.0002956740364071,0.0013079849309051
"VERB,INTJ",0.0352736282377202,0.1369068980129518,0.062831578737007,0.0388991389570847,0.1231492549436034,0.0924447688855388,0.0163247284907912,0.0305355140787795,0.03933213840773,0.0163610071226352,0.0680522203989768,0.0229186564775344,0.175937621466078,0.0578491328246804,0.0386721429769727,0.0263294278829969,0.0181815138846909
"VERB,NOUN",0.1199303600309455,0.5730372723644194,0.0232394457620166,0.0017987094718996,0.0548144136000944,0.0029857415720873,8.491858884200357e-05,0.0014330154211071,0.0002974230557018,8.529703447839741e-05,0.0124738632883148,0.0004888011776609,0.1972152618879527,0.0036172149037985,0.0001745558716178,0.0078994221178978,0.0004242821763503
"VERB,NUM",0.0049842386392833,0.0734916673033169,0.0010146319409314,0.0009040541182608,0.0093547441918527,0.0012438566055642,0.0005151670099747,0.5614255021629365,0.0202550683132622,0.0005121163359392,0.0029184966850693,0.0015536060258121,0.0507994820243831,0.001260790855189,0.2684142177920497,0.0007515789163584,0.0006007737069132
"VERB,PART",0.0354183052533296,0.1376483616690972,0.0631624082880613,0.0390997322186875,0.1238168162474957,0.0929452536427582,0.0163986318274813,0.0306606634192124,0.0395356811729024,0.0164351303037517,0.0684073147397927,0.0230280259732577,0.1716973882051271,0.058156355696399,0.0388689801060976,0.0264645662841511,0.0182557540411889
"VERB,PRON",0.0370122953135647,0.2814268632647465,0.0430141708394912,0.0271653831434654,0.0072464733303935,0.0436479437753978,0.0003914765473396,0.0061065204527309,0.0014484422949233,0.0003898306646185,0.1255573902922747,0.0023569415137199,0.2922332969675812,0.0254112654410123,0.0017518601929376,0.1044059998830085,0.0004338439280928
"VERB,PROPN",0.0032233342976191,0.1251809217443968,0.0040832550812615,0.0004821884355227,0.0105527425713003,0.0008074391250109,0.0002755213183604,0.0003710568340352,0.0020190215402003,0.0002870597835522,0.0006470693656154,0.2334307311907355,0.6149337482529734,0.0013373857570694,0.0004392065088712,0.0015831563170952,0.0003461570428417
"VERB,PUNCT",0.0058488968959059,0.2075214927224628,0.1171905324321444,0.0494848423429472,0.1450828525093534,0.0765343442931956,0.0020117797131952,0.0221016078926788,0.011308157846969,0.0003397612478878,0.0451121916572479,0.0268370759245122,0.1364168778788002,0.0167846672260883,0.0009192644991438,0.1334900813465914,0.0030155720827989
"VERB,SCONJ",0.0010587293695096,0.0151265425389472,0.1096525270082607,0.0977001786658845,0.0008687623275963,0.4057837940212946,0.0003009777226223,0.0122168026112946,0.0058875053048526,0.0003016335031158,0.1160782820620401,0.0216967646154054,0.0556716781869498,0.0062018874324171,0.0004752603217516,0.1506553696893319,0.0003233024831356
"VERB,SYM",0.0036977725856375,0.016717388022318,0.0062108001777243,0.0039686366051532,0.0114670267519844,0.0069875147784605,0.0018366079757288,0.0029104031543459,0.9011403412980292,0.0017995372188861,0.005511494124538,0.0035591018139251,0.0198776881539341,0.0050856203592953,0.0036029665537789,0.0036147889478957,0.0020122713344018
"VERB,VERB",0.0143730128311115,0.3068297153434731,0.0538960016978813,0.0034334408643519,0.0205599261927108,0.2423207120987796,0.0002124413608187,0.0769876682230748,0.0177018784730513,0.000211448540672,0.09346288638419,0.0049644611488923,0.0936765329704014,0.0568031104689879,0.0056543386497413,0.0086117664845391,0.0003006556775037
"VERB,X",0.0238216279651405,0.1940482052703012,0.0378457145988669,0.0256618012049835,0.2060996419677151,0.0536967913391244,0.0102179786646888,0.0202348282608274,0.0232769278507383,0.010255424923922,0.0424020909965941,0.0222990950627614,0.2260270970672103,0.0354931844762783,0.0244871086234923,0.0192140720683803,0.0249180525434063
"X,ADJ",0.0456239469868767,0.2296037442137929,0.0522931114747691,0.0536366703871637,0.1416599305916683,0.0475581623738282,0.010844836634863,0.0390119955193495,0.0203825257947544,0.0108842691753513,0.0513710306619528,0.0275954482965482,0.1532459046984988,0.0509762282906505,0.0188258951360202,0.0325726991894278,0.0139129576129015
"X,ADP",0.0174221073736148,0.0202283438819139,0.0352949093764644,0.0255180226081035,0.0184096944184147,0.4138621974412621,0.0089203558393643,0.1064604673364445,0.0303467388821366,0.0088892726005193,0.0460471951507456,0.0935600505590907,0.0808159709868322,0.0276974624508152,0.031013766506676,0.0255402511167044,0.0099730884108459
"X,ADV",0.1301685508165879,0.0949563904737089,0.0762987195982195,0.1471798502056308,0.0875181393384188,0.0590106165285359,0.0135141958879176,0.0288817355927057,0.032795447585368,0.013407367640047,0.0595803229930705,0.0236721736386238,0.0925849786884893,0.0464459607367659,0.0266445215043899,0.0485710385297512,0.0187696782576068
"X,AUX",0.1672366112763993,0.0718137965207949,0.0662155148934035,0.0403367459042128,0.037138835321177,0.1330192104698226,0.0138537847418876,0.0376859919237553,0.0498041287818486,0.0138648800610488,0.0521582073054451,0.0244518801813613,0.0560720673201211,0.0455365879121991,0.0216308868194929,0.1534689528714985,0.0157117160419812
"X,CCONJ",0.0419853952789485,0.0997185785422616,0.1092974175099724,0.0405071197776775,0.0321707366619201,0.2384038192227489,0.01579801615667,0.0407817015796715,0.0481818545259094,0.0155189991580317,0.0489334864653041,0.0355895442886563,0.0508845311661264,0.0391393663877247,0.0220938470942903,0.0942814433263952,0.0267140257053027
"X,DET",0.0431431711199401,0.090926606866467,0.0578476182213379,0.0522521317733241,0.0483453175479563,0.0949444821954383,0.0189182868680418,0.0709689409774827,0.0468032437133524,0.0187853042583486,0.1001167598567482,0.0465093498411186,0.1122227261009057,0.0563930840017936,0.0580819525568589,0.0524679612709153,0.0312727470698006
"X,INTJ",0.0309662121373589,0.1109591959569831,0.054417719716986,0.0554919469274254,0.1463749703097738,0.0697169496954673,0.018134924364474,0.0248115593538722,0.0315189942291331,0.018230682024547,0.0597241655702535,0.0281257827291332,0.2055118933025866,0.052955014335759,0.0351932181160486,0.0358852255515932,0.0219803521514814
"X,NOUN",0.0609108446346814,0.2306866594656401,0.0717746658513765,0.0517499889082112,0.1113085141873348,0.0426534894387153,0.0116053120035363,0.0268051780715353,0.0384602219365471,0.0115915353863663,0.054903270880823,0.0281252250192456,0.1278071777193091,0.0537716482158537,0.0224563477092555,0.0364711864013373,0.0189180444077966
"X,NUM",0.0270615815790506,0.12258964475808,0.0376727519845648,0.0439713829759473,0.1209258030182479,0.0396038768534485,0.0147234210764668,0.0826271283356937,0.0447004293883073,0.0148439344523543,0.0368836021181619,0.0248945532862128,0.1509823175894857,0.0325669872089812,0.1577823161371693,0.0297726533685422,0.0183969439768525
"X,PART",0.0308771565244637,0.1107558538460738,0.0542814591355576,0.0553873668750879,0.146121670989673,0.0695932494420567,0.0180922065156476,0.0247377702689293,0.0314544892425515,0.0181878158921714,0.0596097468454596,0.0280659428864346,0.2071135781120577,0.0528551191827361,0.0351212453369928,0.0358172208043432,0.0219269180520661
"X,PRON",0.0461923905940106,0.0911487886422472,0.0903910966759771,0.0895818646281466,0.0739034910217246,0.0920584189598331,0.0198519182939794,0.0324218399444712,0.0311066902600332,0.0195900055629453,0.0877789550699959,0.0383770232765627,0.1076499150676698,0.0594517672652547,0.0272670343633089,0.0718541358879687,0.0213743250246026
"X,PROPN",0.0245323696782585,0.0562076690759754,0.0338795101970268,0.0339348631408634,0.2143653685431358,0.0235244440744891,0.0084956237748994,0.0112941813728425,0.0201265357449704,0.0085721179340983,0.049470218261835,0.0429062657288507,0.407135972596109,0.0217951074724292,0.0116372836652767,0.0216211262371829,0.0105009707182468
"X,PUNCT",0.0093669997144969,0.170594438039415,0.0403109254556994,0.0417875544375987,0.0496944740888265,0.0157286343523134,0.0061196817628539,0.0812480686214285,0.0210445621860291,0.0029371154477229,0.0191226124054235,0.0313417191476399,0.3570872301661246,0.0081775367099008,0.0215452399243494,0.0941845003162039,0.0297086871380394
"X,SCONJ",0.0349045083451659,0.0823029817354125,0.093607582331276,0.0960565666644942,0.0642842566886683,0.0993872982406372,0.0200103885900778,0.0331247249663191,0.0346861580740967,0.0199358322467362,0.0890613948593383,0.0484168790169058,0.1203381256654219,0.0489523058238385,0.02641386930461,0.0668163398242265,0.021700379921728
"X,SYM",0.0244337779019041,0.1501475322595139,0.050342438289508,0.043682260295168,0.1057072014330483,0.0570753156690575,0.0138251266646885,0.0188927050003685,0.1025798117804787,0.0136916605537197,0.039888226015023,0.02973006404752,0.2290079968600042,0.0351957415793122,0.0259210876564999,0.042883445918159,0.0169949731658188
"X,VERB",0.0280231294598767,0.28861737553568,0.0573437372656427,0.0642169359486128,0.0527895617505196,0.1023299171221124,0.0095221165135463,0.0332271725219774,0.046894824323755,0.0095276442813062,0.0699308110017868,0.0253119713294939,0.0687193056715956,0.0600997142600149,0.0370311050415271,0.0331663555117802,0.0132479175426828
"X,X",0.006665487308824,0.1098892288153381,0.0178305708015283,0.012057005351866,0.0494131796290623,0.0066867204159588,0.002144786755456,0.0026724671742382,0.0033715361237905,0.0021782683089625,0.0057138610127591,0.02224167547203,0.6630030239222986,0.0048484104446214,0.0035393136818219,0.0127609973328278,0.074983384893684
